{"stats":{"minecraft:killed_by":{"alexsmobs:bone_serpent":1,"alexsmobs:straddler":1,"alexsmobs:dropbear":1,"minecraft:skeleton":1,"alexsmobs:crimson_mosquito":1},"minecraft:used":{"minecraft:chest":6,"minecraft:shield":95,"minecraft:iron_sword":76,"minecraft:netherrack":19,"minecraft:torch":115,"minecraft:obsidian":4,"minecraft:wooden_axe":75,"minecraft:lava_bucket":3,"minecraft:furnace":2,"tombstone:gift":4,"comforts:sleeping_bag_white":3,"minecraft:egg":1,"minecraft:stone_pickaxe":128,"minecraft:wooden_pickaxe":7,"minecraft:gold_ore":1,"minecraft:crafting_table":9,"minecraft:white_bed":5,"minecraft:diamond_pickaxe":274,"minecraft:bread":35,"minecraft:iron_pickaxe":434,"minecraft:stone_axe":64,"minecraft:diamond_sword":197,"minecraft:cobblestone":79,"minecraft:bucket":4,"minecraft:andesite":6,"minecraft:yellow_bed":1,"alexsmobs:animal_dictionary":4},"minecraft:crafted":{"minecraft:furnace":2,"minecraft:bone_meal":333,"minecraft:iron_boots":1,"minecraft:iron_axe":1,"minecraft:stone_pickaxe":1,"minecraft:chest":4,"minecraft:dark_oak_planks":108,"minecraft:diamond_sword":1,"minecraft:crafting_table":2,"minecraft:wooden_pickaxe":2,"minecraft:iron_helmet":1,"minecraft:iron_sword":1,"minecraft:bucket":1,"minecraft:stone_axe":1,"aquaculture:iron_fillet_knife":1,"minecraft:iron_chestplate":1,"minecraft:diamond_pickaxe":1,"minecraft:shield":1,"minecraft:stick":56,"minecraft:iron_ingot":106,"minecraft:iron_pickaxe":1,"minecraft:wooden_axe":1,"minecraft:iron_leggings":1,"minecraft:torch":140},"minecraft:killed":{"alexsmobs:dropbear":2,"minecraft:spider":1,"betteranimalsplus:butterfly":1,"minecraft:skeleton":13,"alexsmobs:straddler":2,"minecraft:magma_cube":10,"minecraft:piglin":3,"alexsmobs:stradpole":5,"minecraft:hoglin":1,"minecraft:creeper":1,"alexsmobs:crimson_mosquito":7,"minecraft:zombie":19,"minecraft:enderman":2},"minecraft:picked_up":{"minecraft:crafting_table":7,"minecraft:wheat":2,"minecraft:enchanted_book":1,"minecraft:string":4,"minecraft:soul_soil":2,"alexsmobs:dropbear_claw":3,"alexsmobs:blood_sac":9,"minecraft:gold_nugget":22,"comforts:sleeping_bag_white":5,"minecraft:iron_pickaxe":4,"minecraft:chest":2,"minecraft:egg":1,"minecraft:dark_oak_sapling":1,"minecraft:sandstone":1,"minecraft:stick":5,"minecraft:torch":20,"minecraft:diorite":1,"minecraft:carrot":9,"minecraft:redstone":178,"minecraft:arrow":11,"minecraft:weeping_vines":7,"minecraft:rotten_flesh":11,"minecraft:beetroot_seeds":1,"minecraft:obsidian":10,"minecraft:white_wool":1,"minecraft:bone_block":39,"minecraft:cobblestone":260,"minecraft:basalt":1,"minecraft:magma_cream":2,"minecraft:andesite":21,"minecraft:leather":2,"minecraft:potato":3,"minecraft:ancient_debris":1,"minecraft:yellow_bed":1,"minecraft:nether_wart_block":1,"alexsmobs:mosquito_proboscis":1,"minecraft:lapis_lazuli":60,"minecraft:dirt":6,"tombstone:gift":1,"minecraft:bone":6,"minecraft:kelp":57,"minecraft:bow":1,"minecraft:wheat_seeds":22,"minecraft:iron_ore":118,"minecraft:glowstone_dust":17,"minecraft:cooked_porkchop":4,"minecraft:pumpkin":6,"minecraft:quartz":2,"minecraft:gravel":1,"minecraft:sand":66,"minecraft:white_bed":5,"minecraft:gold_ore":48,"alexsmobs:animal_dictionary":1,"minecraft:dark_oak_log":91,"minecraft:diamond":14,"minecraft:bread":40,"minecraft:netherrack":129,"minecraft:coal":113},"minecraft:custom":{"minecraft:mob_kills":74,"minecraft:interact_with_crafting_table":27,"minecraft:leave_game":3,"minecraft:time_since_death":3112,"minecraft:climb_one_cm":145,"minecraft:sprint_one_cm":493378,"minecraft:walk_one_cm":347560,"minecraft:damage_blocked_by_shield":2235,"minecraft:drop":356,"minecraft:talked_to_villager":1,"minecraft:deaths":7,"minecraft:sneak_time":16850,"minecraft:walk_under_water_one_cm":9935,"minecraft:jump":2150,"minecraft:walk_on_water_one_cm":21542,"minecraft:interact_with_furnace":30,"minecraft:play_one_minute":151274,"minecraft:sleep_in_bed":4,"minecraft:time_since_rest":2596,"minecraft:damage_taken":2835,"tombstone:sneak_grave":7,"minecraft:damage_dealt":10813,"minecraft:swim_one_cm":18541,"minecraft:fly_one_cm":277266,"minecraft:player_kills":3,"minecraft:open_chest":13,"minecraft:crouch_one_cm":35679,"tombstone:undead_killed":32,"minecraft:fall_one_cm":52080},"minecraft:dropped":{"minecraft:iron_ingot":8,"minecraft:cobblestone":196,"minecraft:dirt":6,"minecraft:diorite":1,"minecraft:wooden_axe":1,"minecraft:sand":66,"minecraft:iron_pickaxe":4,"minecraft:dark_oak_planks":12,"minecraft:white_wool":1,"minecraft:bone":4,"minecraft:gravel":1,"minecraft:stone_axe":1,"minecraft:wheat":2,"minecraft:obsidian":6,"minecraft:rotten_flesh":12,"minecraft:andesite":15,"minecraft:leather_leggings":1,"minecraft:sandstone":1,"minecraft:bow":1,"minecraft:stone_pickaxe":1,"minecraft:wooden_pickaxe":2,"minecraft:netherrack":47},"minecraft:mined":{"minecraft:nether_gold_ore":5,"minecraft:diamond_ore":12,"minecraft:white_bed":3,"minecraft:dark_oak_leaves":3,"minecraft:dark_oak_log":91,"minecraft:obsidian":12,"minecraft:grass_block":1,"minecraft:weeping_vines":7,"minecraft:soul_soil":1,"minecraft:kelp":11,"minecraft:sandstone":1,"minecraft:tall_seagrass":11,"minecraft:weeping_vines_plant":7,"minecraft:redstone_ore":44,"minecraft:glowstone":7,"minecraft:carrots":9,"minecraft:iron_ore":126,"minecraft:fire":1,"minecraft:andesite":53,"minecraft:pumpkin":6,"minecraft:potatoes":3,"minecraft:stone":215,"minecraft:bone_block":15,"minecraft:soul_sand":1,"minecraft:kelp_plant":14,"minecraft:crafting_table":7,"minecraft:chest":2,"minecraft:nether_quartz_ore":2,"minecraft:cobblestone":3,"minecraft:lapis_ore":10,"minecraft:diorite":5,"minecraft:wall_torch":1,"minecraft:seagrass":5,"minecraft:nether_wart_block":1,"minecraft:wheat":16,"minecraft:yellow_bed":1,"minecraft:grass":12,"minecraft:coal_ore":115,"minecraft:beetroots":1,"minecraft:dirt":4,"minecraft:gravel":3,"minecraft:sand":2,"minecraft:ancient_debris":1,"minecraft:netherrack":154,"minecraft:gold_ore":48,"minecraft:oak_leaves":1}},"DataVersion":2586}