{"stats":{"minecraft:dropped":{"minecraft:iron_ingot":8,"minecraft:stone_axe":1,"minecraft:rotten_flesh":6,"minecraft:dirt":6,"minecraft:diorite":1,"minecraft:wooden_axe":1,"minecraft:andesite":15,"minecraft:sandstone":1,"minecraft:sand":66,"minecraft:bow":1,"minecraft:stone_pickaxe":1,"minecraft:wooden_pickaxe":2,"minecraft:iron_pickaxe":3,"minecraft:dark_oak_planks":12,"minecraft:white_wool":1,"minecraft:bone":4},"minecraft:mined":{"minecraft:diamond_ore":12,"minecraft:white_bed":3,"minecraft:dark_oak_leaves":3,"minecraft:kelp_plant":14,"minecraft:dark_oak_log":91,"minecraft:crafting_table":7,"minecraft:grass_block":1,"minecraft:chest":2,"minecraft:cobblestone":2,"minecraft:lapis_ore":10,"minecraft:kelp":11,"minecraft:diorite":1,"minecraft:sandstone":1,"minecraft:wall_torch":1,"minecraft:seagrass":5,"minecraft:tall_seagrass":11,"minecraft:redstone_ore":29,"minecraft:carrots":9,"minecraft:iron_ore":109,"minecraft:wheat":16,"minecraft:andesite":22,"minecraft:pumpkin":6,"minecraft:yellow_bed":1,"minecraft:grass":12,"minecraft:potatoes":3,"minecraft:coal_ore":111,"minecraft:beetroots":1,"minecraft:dirt":4,"minecraft:sand":2,"minecraft:stone":190,"minecraft:gold_ore":30,"minecraft:oak_leaves":1},"minecraft:killed_by":{"minecraft:skeleton":1},"minecraft:picked_up":{"minecraft:crafting_table":7,"minecraft:wheat":2,"minecraft:andesite":21,"minecraft:potato":3,"minecraft:enchanted_book":1,"minecraft:yellow_bed":1,"minecraft:string":2,"minecraft:lapis_lazuli":60,"minecraft:dirt":6,"tombstone:gift":1,"minecraft:bone":4,"minecraft:kelp":57,"minecraft:bow":1,"minecraft:wheat_seeds":22,"comforts:sleeping_bag_white":5,"minecraft:iron_ore":102,"minecraft:iron_pickaxe":3,"minecraft:chest":2,"minecraft:egg":1,"minecraft:dark_oak_sapling":1,"minecraft:stick":5,"minecraft:sandstone":1,"minecraft:pumpkin":6,"minecraft:torch":20,"minecraft:sand":66,"minecraft:diorite":1,"minecraft:redstone":122,"minecraft:white_bed":3,"minecraft:carrot":9,"minecraft:gold_ore":30,"minecraft:dark_oak_log":91,"minecraft:diamond":14,"minecraft:arrow":8,"minecraft:rotten_flesh":8,"minecraft:beetroot_seeds":1,"minecraft:bread":26,"minecraft:coal":110,"minecraft:white_wool":1,"minecraft:cobblestone":140},"minecraft:used":{"minecraft:stone_pickaxe":128,"minecraft:shield":36,"minecraft:chest":6,"minecraft:wooden_pickaxe":7,"minecraft:iron_sword":76,"minecraft:torch":75,"minecraft:crafting_table":9,"minecraft:white_bed":1,"minecraft:wooden_axe":75,"minecraft:diamond_pickaxe":75,"minecraft:bread":17,"minecraft:iron_pickaxe":316,"minecraft:diamond_sword":25,"minecraft:stone_axe":64,"minecraft:cobblestone":27,"minecraft:furnace":2,"minecraft:bucket":1,"minecraft:andesite":6,"tombstone:gift":2,"minecraft:yellow_bed":1,"alexsmobs:animal_dictionary":3,"comforts:sleeping_bag_white":3},"minecraft:killed":{"minecraft:spider":1,"betteranimalsplus:butterfly":1,"minecraft:skeleton":10,"minecraft:zombie":11,"minecraft:enderman":1},"minecraft:crafted":{"minecraft:diamond_sword":1,"minecraft:crafting_table":2,"minecraft:wooden_pickaxe":2,"minecraft:iron_helmet":1,"minecraft:iron_sword":1,"minecraft:furnace":2,"minecraft:bucket":1,"minecraft:stone_axe":1,"minecraft:diamond_pickaxe":1,"minecraft:iron_boots":1,"minecraft:iron_chestplate":1,"minecraft:shield":1,"minecraft:iron_axe":1,"minecraft:stick":40,"minecraft:iron_ingot":44,"minecraft:iron_pickaxe":1,"minecraft:stone_pickaxe":1,"minecraft:wooden_axe":1,"minecraft:chest":4,"minecraft:iron_leggings":1,"minecraft:dark_oak_planks":108,"minecraft:torch":108},"minecraft:custom":{"minecraft:interact_with_furnace":19,"minecraft:mob_kills":24,"minecraft:interact_with_crafting_table":23,"minecraft:play_one_minute":74177,"minecraft:leave_game":1,"minecraft:time_since_death":28481,"minecraft:sleep_in_bed":3,"minecraft:time_since_rest":26599,"minecraft:sprint_one_cm":298518,"minecraft:damage_taken":652,"minecraft:walk_one_cm":153610,"minecraft:damage_blocked_by_shield":985,"minecraft:drop":99,"minecraft:damage_dealt":4421,"minecraft:talked_to_villager":1,"minecraft:swim_one_cm":17286,"minecraft:fly_one_cm":179054,"minecraft:open_chest":2,"minecraft:crouch_one_cm":9686,"tombstone:undead_killed":21,"minecraft:deaths":1,"minecraft:sneak_time":6163,"minecraft:walk_under_water_one_cm":8363,"minecraft:jump":1225,"minecraft:walk_on_water_one_cm":13707,"minecraft:fall_one_cm":27209}},"DataVersion":2586}