{"stats":{"minecraft:dropped":{"minecraft:wooden_pickaxe":1},"minecraft:mined":{"minecraft:white_bed":3,"minecraft:dark_oak_leaves":3,"minecraft:kelp_plant":14,"minecraft:dark_oak_log":91,"minecraft:crafting_table":7,"minecraft:grass_block":1,"minecraft:chest":2,"minecraft:kelp":11,"minecraft:sandstone":1,"minecraft:seagrass":5,"minecraft:tall_seagrass":11,"minecraft:carrots":9,"minecraft:iron_ore":39,"minecraft:wheat":16,"minecraft:andesite":7,"minecraft:pumpkin":6,"minecraft:yellow_bed":1,"minecraft:grass":12,"minecraft:potatoes":3,"minecraft:coal_ore":67,"minecraft:beetroots":1,"minecraft:dirt":4,"minecraft:sand":2,"minecraft:stone":84,"minecraft:oak_leaves":1},"minecraft:picked_up":{"minecraft:crafting_table":7,"minecraft:wheat":2,"minecraft:andesite":3,"minecraft:potato":3,"minecraft:yellow_bed":1,"minecraft:dirt":6,"minecraft:kelp":57,"minecraft:wheat_seeds":22,"comforts:sleeping_bag_white":3,"minecraft:iron_ore":39,"minecraft:chest":2,"minecraft:egg":1,"minecraft:dark_oak_sapling":1,"minecraft:stick":5,"minecraft:sandstone":1,"minecraft:pumpkin":6,"minecraft:sand":4,"minecraft:white_bed":3,"minecraft:carrot":9,"minecraft:dark_oak_log":91,"minecraft:beetroot_seeds":1,"minecraft:bread":26,"minecraft:coal":66,"minecraft:white_wool":1,"minecraft:cobblestone":82},"minecraft:used":{"minecraft:stone_pickaxe":128,"minecraft:chest":6,"minecraft:wooden_pickaxe":7,"minecraft:iron_sword":3,"minecraft:crafting_table":8,"minecraft:white_bed":1,"minecraft:wooden_axe":75,"minecraft:bread":8,"minecraft:iron_pickaxe":72,"minecraft:stone_axe":64,"minecraft:furnace":1,"minecraft:yellow_bed":1,"alexsmobs:animal_dictionary":3,"comforts:sleeping_bag_white":2},"minecraft:killed":{"betteranimalsplus:butterfly":1},"minecraft:crafted":{"minecraft:crafting_table":1,"minecraft:wooden_pickaxe":2,"minecraft:iron_sword":1,"minecraft:furnace":1,"minecraft:stone_axe":1,"minecraft:iron_chestplate":1,"minecraft:iron_axe":1,"minecraft:stick":28,"minecraft:iron_ingot":23,"minecraft:iron_pickaxe":1,"minecraft:stone_pickaxe":1,"minecraft:wooden_axe":1,"minecraft:chest":4,"minecraft:dark_oak_planks":104,"minecraft:torch":4},"minecraft:custom":{"minecraft:interact_with_furnace":9,"minecraft:mob_kills":1,"minecraft:interact_with_crafting_table":13,"minecraft:play_one_minute":38177,"minecraft:leave_game":1,"minecraft:time_since_death":38177,"minecraft:sleep_in_bed":2,"minecraft:time_since_rest":12025,"minecraft:sprint_one_cm":174190,"minecraft:damage_taken":78,"minecraft:walk_one_cm":74407,"minecraft:drop":1,"minecraft:damage_dealt":200,"minecraft:talked_to_villager":1,"minecraft:swim_one_cm":17004,"minecraft:fly_one_cm":106449,"minecraft:open_chest":2,"minecraft:crouch_one_cm":1541,"minecraft:sneak_time":1580,"minecraft:walk_under_water_one_cm":6851,"minecraft:jump":621,"minecraft:walk_on_water_one_cm":4303,"minecraft:fall_one_cm":17412}},"DataVersion":2586}