{"stats":{"minecraft:dropped":{"minecraft:iron_ingot":8,"minecraft:stone_axe":1,"minecraft:obsidian":6,"minecraft:wheat":2,"minecraft:rotten_flesh":12,"minecraft:dirt":6,"minecraft:diorite":1,"minecraft:wooden_axe":1,"minecraft:andesite":15,"minecraft:sandstone":1,"minecraft:sand":66,"minecraft:bow":1,"minecraft:stone_pickaxe":1,"minecraft:wooden_pickaxe":2,"minecraft:iron_pickaxe":4,"minecraft:dark_oak_planks":12,"minecraft:white_wool":1,"minecraft:bone":4},"minecraft:mined":{"minecraft:diamond_ore":12,"minecraft:white_bed":3,"minecraft:dark_oak_leaves":3,"minecraft:kelp_plant":14,"minecraft:dark_oak_log":91,"minecraft:obsidian":12,"minecraft:crafting_table":7,"minecraft:grass_block":1,"minecraft:chest":2,"minecraft:cobblestone":2,"minecraft:lapis_ore":10,"minecraft:kelp":11,"minecraft:diorite":5,"minecraft:sandstone":1,"minecraft:wall_torch":1,"minecraft:seagrass":5,"minecraft:tall_seagrass":11,"minecraft:redstone_ore":44,"minecraft:carrots":9,"minecraft:iron_ore":126,"minecraft:wheat":16,"minecraft:andesite":53,"minecraft:pumpkin":6,"minecraft:yellow_bed":1,"minecraft:gravel":2,"minecraft:grass":12,"minecraft:potatoes":3,"minecraft:coal_ore":115,"minecraft:beetroots":1,"minecraft:dirt":4,"minecraft:sand":2,"minecraft:stone":215,"minecraft:gold_ore":42,"minecraft:oak_leaves":1},"minecraft:killed_by":{"minecraft:skeleton":1},"minecraft:picked_up":{"minecraft:crafting_table":7,"minecraft:wheat":2,"minecraft:andesite":21,"minecraft:potato":3,"minecraft:enchanted_book":1,"minecraft:yellow_bed":1,"minecraft:string":4,"minecraft:lapis_lazuli":60,"minecraft:dirt":6,"tombstone:gift":1,"minecraft:bone":4,"minecraft:kelp":57,"minecraft:bow":1,"minecraft:wheat_seeds":22,"comforts:sleeping_bag_white":5,"minecraft:iron_ore":118,"minecraft:iron_pickaxe":4,"minecraft:chest":2,"minecraft:egg":1,"minecraft:dark_oak_sapling":1,"minecraft:stick":5,"minecraft:sandstone":1,"minecraft:pumpkin":6,"minecraft:torch":20,"minecraft:sand":66,"minecraft:diorite":1,"minecraft:redstone":178,"minecraft:white_bed":5,"minecraft:carrot":9,"minecraft:gold_ore":42,"minecraft:dark_oak_log":91,"minecraft:diamond":14,"minecraft:arrow":8,"minecraft:rotten_flesh":11,"minecraft:beetroot_seeds":1,"minecraft:bread":26,"minecraft:obsidian":10,"minecraft:coal":113,"minecraft:white_wool":1,"minecraft:cobblestone":149},"minecraft:used":{"minecraft:stone_pickaxe":128,"minecraft:shield":44,"minecraft:chest":6,"minecraft:wooden_pickaxe":7,"minecraft:iron_sword":76,"minecraft:torch":115,"minecraft:crafting_table":9,"minecraft:white_bed":4,"minecraft:obsidian":4,"minecraft:wooden_axe":75,"minecraft:diamond_pickaxe":101,"minecraft:bread":23,"minecraft:iron_pickaxe":412,"minecraft:diamond_sword":80,"minecraft:stone_axe":64,"minecraft:cobblestone":46,"minecraft:furnace":2,"minecraft:bucket":1,"minecraft:andesite":6,"tombstone:gift":2,"minecraft:yellow_bed":1,"alexsmobs:animal_dictionary":3,"comforts:sleeping_bag_white":3},"minecraft:killed":{"minecraft:spider":1,"betteranimalsplus:butterfly":1,"minecraft:creeper":1,"minecraft:skeleton":11,"minecraft:zombie":19,"minecraft:enderman":2},"minecraft:crafted":{"minecraft:diamond_sword":1,"minecraft:crafting_table":2,"minecraft:wooden_pickaxe":2,"minecraft:iron_helmet":1,"minecraft:iron_sword":1,"minecraft:furnace":2,"minecraft:bucket":1,"minecraft:stone_axe":1,"minecraft:diamond_pickaxe":1,"minecraft:iron_boots":1,"minecraft:iron_chestplate":1,"minecraft:shield":1,"minecraft:iron_axe":1,"minecraft:stick":56,"minecraft:iron_ingot":44,"minecraft:iron_pickaxe":1,"minecraft:stone_pickaxe":1,"minecraft:wooden_axe":1,"minecraft:chest":4,"minecraft:iron_leggings":1,"minecraft:dark_oak_planks":108,"minecraft:torch":140},"minecraft:custom":{"minecraft:interact_with_furnace":21,"minecraft:mob_kills":39,"minecraft:interact_with_crafting_table":23,"minecraft:play_one_minute":98177,"minecraft:leave_game":1,"minecraft:time_since_death":52481,"minecraft:sleep_in_bed":3,"minecraft:time_since_rest":50599,"minecraft:sprint_one_cm":338348,"minecraft:damage_taken":995,"minecraft:walk_one_cm":216695,"minecraft:damage_blocked_by_shield":1305,"minecraft:drop":111,"minecraft:damage_dealt":7352,"minecraft:talked_to_villager":1,"minecraft:swim_one_cm":17887,"minecraft:player_kills":3,"minecraft:fly_one_cm":195461,"minecraft:open_chest":2,"minecraft:crouch_one_cm":18424,"tombstone:undead_killed":30,"minecraft:deaths":1,"minecraft:sneak_time":10210,"minecraft:walk_under_water_one_cm":9080,"minecraft:jump":1459,"minecraft:walk_on_water_one_cm":19420,"minecraft:fall_one_cm":29868}},"DataVersion":2586}