{"stats":{"minecraft:used":{"minecraft:beetroot":1,"minecraft:blue_terracotta":2,"minecraft:oak_sign":1,"minecraft:shield":346,"minecraft:iron_sword":409,"minecraft:jungle_planks":2,"minecraft:furnace_minecart":2,"minecraft:obsidian":1,"minecraft:lava_bucket":5,"create:zinc_ore":1,"minecraft:redstone_lamp":1,"minecraft:bow":65,"minecraft:hay_block":11,"minecraft:sweet_berries":88,"minecraft:furnace":2,"minecraft:cooked_cod":3,"minecraft:beetroot_seeds":17,"minecraft:skeleton_skull":2,"minecraft:potato":9,"minecraft:stone_pickaxe":131,"minecraft:oak_planks":52,"minecraft:blackstone":2,"minecraft:ender_pearl":2,"minecraft:sugar_cane":6,"minecraft:golden_hoe":26,"minecraft:crossbow":78,"minecraft:note_block":6,"minecraft:gray_concrete":1,"minecraft:pumpkin_seeds":10,"betteranimalsplus:coyotehead_1":2,"minecraft:redstone_torch":1,"minecraft:lever":2,"create:super_glue":7,"minecraft:light_gray_concrete":1,"minecraft:bread":212,"minecraft:diamond_sword":1045,"minecraft:andesite":8,"betteranimalsplus:boarhead_light_brown":1,"minecraft:bone_meal":103,"minecraft:experience_bottle":4,"minecraft:oak_fence":1,"minecraft:flint_and_steel":1,"minecraft:torch":95,"minecraft:dirt":75,"minecraft:ancient_debris":1,"minecraft:iron_hoe":238,"alexsmobs:maggot":1,"carryon:entity_item":2,"minecraft:melon_seeds":66,"minecraft:basalt":4,"minecraft:soul_soil":1,"minecraft:minecart":1,"tombstone:gift":7,"comforts:sleeping_bag_white":19,"minecraft:pumpkin":1,"minecraft:wheat_seeds":353,"minecraft:water_bucket":25,"minecraft:stonecutter":1,"minecraft:polished_blackstone_bricks":14,"create:furnace_minecart_contraption":1,"minecraft:rail":1,"minecraft:crafting_table":5,"create:weathered_limestone_cobblestone":6,"minecraft:white_bed":1,"tombstone:tablet_of_home":1,"tombstone:bag_of_seeds":3,"minecraft:diamond_pickaxe":63,"minecraft:iron_pickaxe":1368,"tombstone:magic_scroll":1,"minecraft:cobblestone":415,"minecraft:cooked_porkchop":1,"minecraft:bucket":31,"alexsmobs:animal_dictionary":11},"minecraft:mined":{"minecraft:dark_oak_planks":1,"minecraft:spruce_planks":1,"minecraft:attached_melon_stem":12,"minecraft:white_bed":1,"minecraft:farmland":4,"minecraft:granite":25,"minecraft:grass_block":33,"minecraft:cracked_polished_blackstone_bricks":5,"minecraft:soul_soil":1,"minecraft:frosted_ice":1,"minecraft:oak_wall_sign":1,"minecraft:red_stained_glass_pane":1,"minecraft:spawner":4,"comforts:sleeping_bag_white":4,"minecraft:polished_blackstone_bricks":27,"minecraft:tall_seagrass":7,"minecraft:glowstone":17,"minecraft:iron_ore":162,"minecraft:fire":5,"minecraft:pumpkin":5,"create:copper_ore":18,"minecraft:nether_brick_stairs":3,"minecraft:skeleton_wall_skull":1,"minecraft:iron_bars":7,"minecraft:light_gray_concrete":9,"minecraft:spruce_slab":2,"minecraft:tripwire":1,"minecraft:blackstone":2,"minecraft:kelp_plant":1,"minecraft:melon_stem":12,"minecraft:chiseled_quartz_block":3,"minecraft:torch":16,"minecraft:note_block":3,"minecraft:poppy":1,"minecraft:melon":4,"minecraft:dead_bush":1,"minecraft:mushroom_stem":58,"minecraft:cobblestone":13,"minecraft:oak_planks":2,"minecraft:iron_door":2,"minecraft:wall_torch":27,"minecraft:skeleton_skull":1,"minecraft:seagrass":6,"minecraft:white_terracotta":4,"minecraft:repeater":2,"minecraft:blue_terracotta":13,"minecraft:dark_oak_slab":1,"betteranimalsplus:coyotehead_1":1,"minecraft:wheat":311,"minecraft:jukebox":1,"minecraft:stone_brick_stairs":1,"minecraft:grass":106,"minecraft:beetroots":6,"minecraft:oak_log":5,"minecraft:dirt":59,"minecraft:sand":5,"minecraft:smooth_quartz":16,"minecraft:crimson_planks":1,"minecraft:stonecutter":1,"minecraft:dispenser":1,"minecraft:netherrack":2,"minecraft:piston":1,"minecraft:attached_pumpkin_stem":1,"create:zinc_ore":92,"minecraft:dark_prismarine":2,"minecraft:lever":1,"minecraft:nether_bricks":2,"minecraft:purple_terracotta":1,"minecraft:jungle_planks":2,"minecraft:redstone_wire":2,"minecraft:spruce_leaves":12,"minecraft:kelp":7,"minecraft:sandstone":3,"minecraft:large_fern":5,"minecraft:hay_block":2,"minecraft:black_stained_glass_pane":2,"minecraft:redstone_ore":6,"minecraft:andesite":209,"minecraft:gold_block":4,"minecraft:potatoes":1,"minecraft:stone":550,"minecraft:gray_concrete":3,"minecraft:basalt":2,"minecraft:oak_fence":1,"minecraft:tall_grass":14,"minecraft:lapis_ore":2,"minecraft:diorite":32,"minecraft:spruce_stairs":1,"minecraft:purple_wool":1,"minecraft:red_terracotta":2,"minecraft:sweet_berry_bush":23,"minecraft:spruce_log":2,"minecraft:purple_concrete":6,"minecraft:coal_ore":133,"minecraft:gravel":4,"minecraft:stone_bricks":10,"minecraft:gold_ore":25,"minecraft:fern":4},"minecraft:killed_by":{"minecraft:piglin_brute":4,"minecraft:creeper":1,"minecraft:pillager":1,"alexsmobs:straddler":6,"minecraft:vindicator":3,"alexsmobs:crocodile":1,"minecraft:zombie":2,"minecraft:player":6,"minecraft:skeleton":5},"minecraft:killed":{"betteranimalsplus:coyote":2,"alexsmobs:lobster":1,"minecraft:zombified_piglin":1,"betteranimalsplus:turkey":1,"minecraft:spider":8,"aquaculture:muskellunge":1,"minecraft:skeleton":55,"alexsmobs:straddler":1,"minecraft:piglin_brute":5,"betteranimalsplus:goat":2,"betteranimalsplus:tarantula":2,"minecraft:magma_cube":3,"alexsmobs:grizzly_bear":1,"minecraft:zombie_villager":1,"betteranimalsplus:lammergeier":1,"alexsmobs:stradpole":2,"minecraft:creeper":5,"minecraft:trader_llama":4,"minecraft:pillager":41,"minecraft:zombie":30,"alexsmobs:cachalot_whale":2,"betteranimalsplus:reindeer":1,"alexsmobs:fly":4,"alexsmobs:tarantula_hawk":1,"alexsmobs:raccoon":1,"minecraft:vindicator":7,"betteranimalsplus:boar":1,"alexsmobs:seagull":1,"alexsmobs:rattlesnake":2,"minecraft:drowned":1,"betteranimalsplus:badger":1,"minecraft:husk":1,"minecraft:wandering_trader":1,"alexsmobs:crocodile":1,"alexsmobs:cockroach":3,"minecraft:enderman":2},"minecraft:picked_up":{"minecraft:iron_chestplate":3,"minecraft:wheat":399,"minecraft:lead":5,"minecraft:diamond_sword":3,"betteranimalsplus:venisonraw":2,"create:wrench":1,"minecraft:enchanted_book":2,"minecraft:stone_brick_stairs":1,"tombstone:grave_key":2,"minecraft:crimson_planks":1,"aquaculture:muskellunge":1,"create:furnace_minecart_contraption":1,"minecraft:string":11,"minecraft:soul_soil":1,"minecraft:purple_banner":1,"minecraft:experience_bottle":1,"minecraft:oak_sign":1,"minecraft:beetroot":5,"alexsmobs:emu_feather":2,"minecraft:gold_nugget":1,"comforts:sleeping_bag_white":22,"minecraft:smooth_quartz":12,"minecraft:iron_pickaxe":7,"alexsmobs:raccoon_tail":1,"minecraft:melon_slice":15,"minecraft:furnace":2,"minecraft:iron_boots":1,"minecraft:stick":5,"pizzacraft:pineapple_seeds":1,"minecraft:jukebox":1,"minecraft:oak_fence":1,"minecraft:torch":67,"minecraft:spruce_stairs":1,"minecraft:porkchop":3,"pizzacraft:tomato_seeds":4,"tombstone:grave_dust":8,"minecraft:diorite":36,"minecraft:rotten_flesh":35,"minecraft:iron_block":2,"minecraft:white_terracotta":4,"minecraft:iron_bars":7,"minecraft:snowball":6,"alexsmobs:lobster_tail":1,"minecraft:cobblestone":905,"paraglider:paraglider":1,"minecraft:feather":4,"minecraft:iron_door":1,"minecraft:andesite":230,"minecraft:chiseled_quartz_block":3,"minecraft:potato":5,"paraglider:spirit_orb":10,"minecraft:gray_concrete":2,"minecraft:lapis_lazuli":14,"minecraft:dirt":91,"minecraft:bone":38,"pizzacraft:cucumber_seeds":4,"create:copper_ore":221,"minecraft:stonecutter":1,"minecraft:bow":3,"minecraft:wheat_seeds":1400,"create:goggles":1,"minecraft:glowstone_dust":28,"create:super_glue":1,"minecraft:oak_planks":8,"betteranimalsplus:pheasantraw":2,"minecraft:sand":6,"minecraft:jungle_planks":6,"sophisticatedbackpacks:iron_backpack":2,"minecraft:nether_brick_stairs":2,"minecraft:spectral_arrow":1,"minecraft:red_terracotta":1,"minecraft:dark_prismarine":2,"minecraft:iron_hoe":1,"minecraft:light_gray_concrete":10,"minecraft:blue_terracotta":10,"minecraft:diamond":2,"minecraft:lever":2,"minecraft:cracked_polished_blackstone_bricks":1,"alexsmobs:rattlesnake_rattle":2,"minecraft:granite":22,"minecraft:bone_meal":103,"minecraft:emerald":1,"minecraft:golden_horse_armor":1,"minecraft:bread":117,"alexsmobs:maggot":1,"minecraft:oak_sapling":1,"minecraft:diamond_pickaxe":1,"minecraft:crafting_table":2,"minecraft:gold_block":4,"minecraft:diamond_horse_armor":1,"minecraft:shield":3,"betteranimalsplus:coyotehead_1":2,"minecraft:blackstone":2,"create:zinc_ore":208,"minecraft:iron_nugget":8,"minecraft:poppy":1,"minecraft:spruce_slab":2,"minecraft:minecart":2,"minecraft:piston":1,"minecraft:egg":4,"minecraft:stone":4,"minecraft:note_block":2,"sophisticatedbackpacks:backpack":2,"minecraft:polished_blackstone_bricks":23,"minecraft:redstone":26,"minecraft:purple_terracotta":1,"minecraft:dark_oak_planks":1,"minecraft:arrow":86,"minecraft:beetroot_seeds":15,"minecraft:golden_hoe":1,"minecraft:nether_bricks":2,"minecraft:hay_block":45,"minecraft:saddle":2,"minecraft:mutton":5,"minecraft:rail":63,"minecraft:skeleton_skull":4,"minecraft:white_wool":2,"create:iron_sheet":2,"minecraft:basalt":4,"minecraft:leather":9,"minecraft:filled_map":2,"create:weathered_limestone_cobblestone":50,"minecraft:oak_log":5,"minecraft:ancient_debris":1,"minecraft:gunpowder":4,"minecraft:white_banner":1,"minecraft:stone_bricks":4,"minecraft:kelp":2,"alexsmobs:cockroach_wing_fragment":2,"minecraft:iron_ingot":22,"minecraft:stone_pickaxe":6,"minecraft:iron_ore":169,"tombstone:bag_of_seeds":1,"minecraft:iron_sword":3,"minecraft:purple_concrete":6,"minecraft:dark_oak_slab":1,"minecraft:pumpkin":5,"minecraft:sweet_berries":77,"minecraft:gravel":3,"aquaculture:red_grouper":1,"minecraft:spruce_log":2,"minecraft:white_bed":1,"minecraft:gold_ore":25,"minecraft:spider_eye":2,"minecraft:pumpkin_seeds":11,"minecraft:slime_ball":11,"minecraft:iron_helmet":2,"tombstone:magic_scroll":2,"minecraft:melon_seeds":47,"minecraft:coal":152},"minecraft:custom":{"minecraft:interact_with_crafting_table":76,"minecraft:open_barrel":31,"minecraft:leave_game":18,"minecraft:time_since_death":39378,"minecraft:sprint_one_cm":3202750,"minecraft:damage_blocked_by_shield":9966,"minecraft:drop":1108,"minecraft:play_noteblock":22,"minecraft:talked_to_villager":1,"minecraft:deaths":36,"tombstone:tomb_raiding":1,"minecraft:jump":13069,"minecraft:walk_on_water_one_cm":128510,"minecraft:enchant_item":1,"minecraft:interact_with_furnace":37,"minecraft:play_one_minute":846204,"minecraft:sleep_in_bed":37,"tombstone:sneak_grave":4,"minecraft:damage_dealt":45835,"minecraft:player_kills":6,"minecraft:crouch_one_cm":98909,"tombstone:undead_killed":89,"tombstone:villager_killed":1,"minecraft:interact_with_smoker":1,"minecraft:inspect_dispenser":6,"minecraft:horse_one_cm":2742625,"minecraft:interact_with_anvil":7,"minecraft:mob_kills":219,"minecraft:climb_one_cm":17295,"minecraft:walk_one_cm":2088234,"minecraft:damage_dealt_absorbed":152,"minecraft:sneak_time":51627,"minecraft:walk_under_water_one_cm":76125,"minecraft:interact_with_blast_furnace":55,"tombstone:raider_killed":48,"minecraft:tune_noteblock":56,"minecraft:interact_with_stonecutter":2,"minecraft:time_since_rest":13152,"minecraft:damage_taken":16335,"minecraft:minecart_one_cm":285,"minecraft:swim_one_cm":151401,"minecraft:fly_one_cm":2303960,"minecraft:open_chest":247,"minecraft:fall_one_cm":365359},"minecraft:dropped":{"minecraft:nether_brick_stairs":2,"sophisticatedbackpacks:iron_backpack":1,"minecraft:iron_sword":3,"minecraft:oak_log":59,"minecraft:ender_pearl":1,"minecraft:leather":8,"minecraft:jungle_planks":4,"create:linear_chassis":12,"minecraft:dirt":5,"minecraft:mutton":1,"alexsmobs:emu_feather":2,"minecraft:bone_meal":1,"create:goggles":1,"minecraft:sand":6,"minecraft:polished_blackstone_bricks":11,"minecraft:iron_pickaxe":4,"minecraft:dark_oak_planks":1,"minecraft:white_wool":2,"minecraft:bone":18,"minecraft:gravel":1,"minecraft:iron_nugget":1,"minecraft:wheat":179,"minecraft:rotten_flesh":25,"minecraft:oak_planks":23,"minecraft:poppy":1,"minecraft:gunpowder":3,"minecraft:melon_seeds":1,"create:wrench":1,"create:zinc_ore":1,"comforts:sleeping_bag_white":3,"minecraft:spruce_slab":2,"minecraft:iron_bars":5,"minecraft:stone_brick_stairs":1,"minecraft:egg":3,"minecraft:bread":38,"minecraft:iron_ingot":36,"minecraft:purple_terracotta":1,"minecraft:wheat_seeds":521,"minecraft:feather":1,"minecraft:iron_helmet":3,"minecraft:cobblestone":209,"alexsmobs:rattlesnake_rattle":1,"minecraft:granite":19,"aquaculture:red_grouper":2,"minecraft:spruce_stairs":1,"minecraft:coal":1,"minecraft:stick":26,"minecraft:diorite":36,"minecraft:torch":4,"tombstone:grave_key":1,"tombstone:grave_dust":4,"minecraft:iron_leggings":2,"minecraft:string":9,"create:mechanical_drill":11,"minecraft:furnace":14,"minecraft:blue_terracotta":8,"minecraft:kelp":2,"minecraft:sweet_berries":1,"betteranimalsplus:pheasantraw":2,"minecraft:jukebox":1,"minecraft:bowl":3,"minecraft:iron_boots":3,"minecraft:iron_hoe":2,"sophisticatedbackpacks:backpack":3,"minecraft:light_gray_concrete":2,"minecraft:white_terracotta":4,"minecraft:pumpkin_seeds":14,"minecraft:red_terracotta":1,"minecraft:filled_map":2,"minecraft:diamond_sword":2,"minecraft:potato":1,"minecraft:hay_block":3,"minecraft:stone":1,"minecraft:shield":3,"alexsmobs:cockroach_wing_fragment":1,"minecraft:spruce_planks":2,"minecraft:iron_chestplate":3,"minecraft:diamond_pickaxe":1,"minecraft:andesite":44,"minecraft:stone_bricks":4,"minecraft:slime_ball":5,"minecraft:bow":2,"minecraft:stone_pickaxe":5,"minecraft:dark_prismarine":2},"minecraft:crafted":{"minecraft:oak_planks":84,"create:andesite_casing":8,"minecraft:lever":1,"minecraft:iron_boots":2,"minecraft:melon_seeds":15,"minecraft:furnace_minecart":2,"minecraft:crafting_table":3,"minecraft:spruce_planks":8,"minecraft:iron_helmet":4,"minecraft:pumpkin_seeds":12,"minecraft:iron_chestplate":2,"minecraft:shield":4,"minecraft:stick":40,"minecraft:iron_ingot":228,"minecraft:iron_pickaxe":6,"minecraft:gold_ingot":144,"minecraft:iron_nugget":91,"minecraft:furnace":16,"minecraft:bone_meal":27,"minecraft:iron_hoe":1,"minecraft:minecart":1,"minecraft:wheat":378,"minecraft:cooked_cod":3,"create:andesite_alloy":37,"minecraft:diamond_sword":1,"minecraft:bucket":1,"minecraft:bread":199,"create:linear_chassis":12,"minecraft:iron_leggings":3,"create:mechanical_drill":11,"minecraft:torch":28,"create:zinc_ingot":1},"minecraft:broken":{"minecraft:golden_boots":1,"minecraft:iron_chestplate":1,"minecraft:iron_leggings":2,"minecraft:golden_hoe":1,"minecraft:shield":2,"minecraft:iron_pickaxe":4,"minecraft:iron_helmet":2}},"DataVersion":2586}