{"stats":{"minecraft:custom":{"minecraft:mob_kills":77,"minecraft:interact_with_crafting_table":37,"minecraft:leave_game":6,"minecraft:time_since_death":17270,"minecraft:climb_one_cm":145,"minecraft:sprint_one_cm":536864,"minecraft:walk_one_cm":384886,"minecraft:damage_blocked_by_shield":2465,"minecraft:drop":430,"minecraft:talked_to_villager":1,"minecraft:deaths":9,"minecraft:sneak_time":19737,"minecraft:walk_under_water_one_cm":9935,"minecraft:jump":2365,"minecraft:walk_on_water_one_cm":21542,"minecraft:interact_with_furnace":35,"minecraft:play_one_minute":171418,"minecraft:sleep_in_bed":4,"minecraft:time_since_rest":15894,"minecraft:damage_taken":3572,"tombstone:sneak_grave":7,"minecraft:damage_dealt":11653,"minecraft:swim_one_cm":18541,"minecraft:fly_one_cm":307882,"minecraft:player_kills":3,"minecraft:open_chest":21,"minecraft:crouch_one_cm":45309,"tombstone:undead_killed":32,"minecraft:fall_one_cm":58137},"minecraft:dropped":{"minecraft:iron_ingot":13,"minecraft:iron_helmet":1,"minecraft:cobblestone":196,"minecraft:dirt":6,"minecraft:diorite":1,"minecraft:nether_wart_block":1,"minecraft:wooden_axe":1,"minecraft:sand":66,"minecraft:iron_pickaxe":5,"minecraft:dark_oak_planks":12,"minecraft:white_wool":1,"minecraft:bone":4,"minecraft:gravel":1,"minecraft:stone_axe":1,"minecraft:wheat":2,"minecraft:obsidian":6,"minecraft:rotten_flesh":12,"minecraft:iron_boots":1,"minecraft:shield":1,"minecraft:andesite":15,"minecraft:leather_leggings":1,"minecraft:sandstone":1,"minecraft:wooden_pickaxe":2,"minecraft:bow":1,"minecraft:stone_pickaxe":1,"minecraft:netherrack":111},"minecraft:picked_up":{"minecraft:crafting_table":7,"minecraft:wheat":2,"minecraft:enchanted_book":1,"minecraft:string":4,"minecraft:soul_soil":2,"alexsmobs:dropbear_claw":4,"alexsmobs:blood_sac":9,"minecraft:gold_nugget":40,"comforts:sleeping_bag_white":5,"minecraft:iron_pickaxe":4,"minecraft:chest":2,"minecraft:egg":1,"minecraft:dark_oak_sapling":1,"minecraft:stick":5,"minecraft:sandstone":1,"minecraft:torch":20,"minecraft:diorite":1,"minecraft:carrot":9,"minecraft:redstone":178,"minecraft:arrow":11,"minecraft:weeping_vines":7,"minecraft:rotten_flesh":11,"minecraft:beetroot_seeds":1,"minecraft:obsidian":10,"minecraft:bone_block":39,"minecraft:white_wool":1,"minecraft:cobblestone":260,"minecraft:basalt":1,"minecraft:magma_cream":2,"minecraft:crimson_stem":11,"minecraft:andesite":21,"minecraft:leather":2,"minecraft:potato":3,"minecraft:ancient_debris":1,"minecraft:yellow_bed":1,"minecraft:nether_wart_block":1,"minecraft:lapis_lazuli":60,"alexsmobs:mosquito_proboscis":1,"minecraft:dirt":6,"tombstone:gift":1,"minecraft:bone":6,"minecraft:kelp":57,"minecraft:bow":1,"minecraft:wheat_seeds":22,"minecraft:iron_ore":118,"minecraft:glowstone_dust":23,"minecraft:cooked_porkchop":4,"minecraft:pumpkin":6,"minecraft:quartz":2,"minecraft:gravel":1,"minecraft:sand":66,"minecraft:white_bed":5,"minecraft:gold_ore":48,"alexsmobs:animal_dictionary":1,"minecraft:dark_oak_log":91,"minecraft:diamond":14,"minecraft:bread":40,"minecraft:netherrack":267,"minecraft:coal":113,"minecraft:ender_pearl":1},"minecraft:mined":{"minecraft:nether_gold_ore":9,"minecraft:diamond_ore":12,"minecraft:white_bed":3,"minecraft:dark_oak_leaves":3,"minecraft:dark_oak_log":91,"minecraft:obsidian":12,"minecraft:grass_block":1,"minecraft:crimson_roots":1,"minecraft:weeping_vines":7,"minecraft:soul_soil":1,"minecraft:kelp":11,"minecraft:sandstone":1,"minecraft:crimson_stem":12,"minecraft:weeping_vines_plant":8,"minecraft:tall_seagrass":11,"minecraft:redstone_ore":44,"minecraft:glowstone":10,"minecraft:carrots":9,"minecraft:iron_ore":126,"minecraft:fire":4,"minecraft:andesite":53,"minecraft:pumpkin":6,"minecraft:potatoes":3,"minecraft:stone":215,"minecraft:bone_block":15,"minecraft:soul_sand":1,"minecraft:kelp_plant":14,"minecraft:crimson_nylium":6,"minecraft:crafting_table":7,"minecraft:chest":2,"minecraft:nether_quartz_ore":2,"minecraft:cobblestone":3,"minecraft:lapis_ore":10,"minecraft:diorite":5,"minecraft:wall_torch":1,"minecraft:seagrass":5,"minecraft:nether_wart_block":2,"minecraft:wheat":16,"minecraft:yellow_bed":1,"minecraft:grass":12,"minecraft:coal_ore":115,"minecraft:beetroots":1,"minecraft:gravel":3,"minecraft:sand":2,"minecraft:dirt":4,"minecraft:netherrack":301,"minecraft:ancient_debris":1,"minecraft:gold_ore":48,"minecraft:oak_leaves":1},"minecraft:killed_by":{"minecraft:ghast":1,"alexsmobs:bone_serpent":1,"alexsmobs:straddler":2,"alexsmobs:dropbear":1,"minecraft:skeleton":1,"alexsmobs:crimson_mosquito":1},"minecraft:used":{"minecraft:chest":6,"minecraft:shield":107,"minecraft:iron_sword":76,"minecraft:netherrack":29,"minecraft:torch":115,"minecraft:obsidian":4,"minecraft:wooden_axe":75,"minecraft:lava_bucket":3,"minecraft:iron_axe":24,"minecraft:furnace":2,"tombstone:gift":5,"minecraft:egg":1,"comforts:sleeping_bag_white":3,"minecraft:stone_pickaxe":128,"minecraft:wooden_pickaxe":7,"minecraft:gold_ore":1,"minecraft:crafting_table":10,"minecraft:white_bed":5,"minecraft:diamond_pickaxe":434,"minecraft:bread":37,"minecraft:iron_pickaxe":434,"minecraft:stone_axe":64,"minecraft:diamond_sword":212,"minecraft:cobblestone":79,"minecraft:andesite":6,"minecraft:bucket":4,"minecraft:yellow_bed":1,"alexsmobs:animal_dictionary":4},"minecraft:crafted":{"minecraft:furnace":2,"minecraft:bone_meal":333,"minecraft:iron_boots":2,"minecraft:iron_axe":1,"tombstone:grave_key":1,"minecraft:stone_pickaxe":1,"minecraft:chest":4,"minecraft:dark_oak_planks":108,"minecraft:crimson_planks":44,"minecraft:diamond_sword":1,"minecraft:crafting_table":3,"minecraft:wooden_pickaxe":2,"minecraft:iron_helmet":2,"minecraft:iron_sword":1,"minecraft:bucket":1,"minecraft:stone_axe":1,"aquaculture:iron_fillet_knife":1,"minecraft:iron_chestplate":1,"minecraft:diamond_pickaxe":1,"minecraft:shield":2,"minecraft:stick":56,"minecraft:iron_ingot":106,"minecraft:iron_pickaxe":1,"minecraft:wooden_axe":1,"minecraft:gold_ingot":37,"minecraft:iron_leggings":1,"minecraft:torch":140},"minecraft:killed":{"alexsmobs:dropbear":3,"minecraft:spider":1,"betteranimalsplus:butterfly":1,"minecraft:skeleton":13,"alexsmobs:straddler":2,"minecraft:magma_cube":10,"minecraft:piglin":3,"alexsmobs:stradpole":5,"minecraft:hoglin":3,"minecraft:creeper":1,"alexsmobs:crimson_mosquito":8,"minecraft:zombie":19,"minecraft:enderman":2}},"DataVersion":2586}