{"stats":{"minecraft:killed_by":{"minecraft:skeleton":1,"alexsmobs:straddler":1},"minecraft:used":{"minecraft:stone_pickaxe":128,"minecraft:chest":6,"minecraft:wooden_pickaxe":7,"minecraft:shield":71,"minecraft:iron_sword":76,"minecraft:gold_ore":1,"minecraft:torch":115,"minecraft:crafting_table":9,"minecraft:white_bed":5,"minecraft:obsidian":4,"minecraft:wooden_axe":75,"minecraft:diamond_pickaxe":102,"minecraft:iron_pickaxe":424,"minecraft:bread":28,"minecraft:cobblestone":79,"minecraft:stone_axe":64,"minecraft:diamond_sword":117,"minecraft:furnace":2,"tombstone:gift":4,"minecraft:andesite":6,"minecraft:bucket":1,"alexsmobs:animal_dictionary":4,"minecraft:egg":1,"minecraft:yellow_bed":1,"comforts:sleeping_bag_white":3},"minecraft:crafted":{"minecraft:diamond_sword":1,"minecraft:crafting_table":2,"minecraft:iron_helmet":1,"minecraft:wooden_pickaxe":2,"minecraft:iron_sword":1,"minecraft:furnace":2,"minecraft:bucket":1,"minecraft:stone_axe":1,"aquaculture:iron_fillet_knife":1,"minecraft:iron_boots":1,"minecraft:iron_chestplate":1,"minecraft:diamond_pickaxe":1,"minecraft:shield":1,"minecraft:iron_axe":1,"minecraft:stick":56,"minecraft:iron_ingot":106,"minecraft:iron_pickaxe":1,"minecraft:stone_pickaxe":1,"minecraft:wooden_axe":1,"minecraft:chest":4,"minecraft:iron_leggings":1,"minecraft:dark_oak_planks":108,"minecraft:torch":140},"minecraft:killed":{"minecraft:magma_cube":10,"minecraft:spider":1,"alexsmobs:stradpole":5,"betteranimalsplus:butterfly":1,"minecraft:creeper":1,"minecraft:skeleton":11,"minecraft:zombie":19,"alexsmobs:straddler":2,"minecraft:enderman":2},"minecraft:picked_up":{"minecraft:crafting_table":7,"minecraft:wheat":2,"minecraft:magma_cream":2,"minecraft:andesite":21,"minecraft:potato":3,"minecraft:enchanted_book":1,"minecraft:yellow_bed":1,"minecraft:lapis_lazuli":60,"minecraft:dirt":6,"minecraft:string":4,"tombstone:gift":1,"minecraft:bone":4,"minecraft:kelp":57,"minecraft:bow":1,"minecraft:wheat_seeds":22,"minecraft:gold_nugget":22,"comforts:sleeping_bag_white":5,"minecraft:iron_ore":118,"minecraft:iron_pickaxe":4,"minecraft:chest":2,"minecraft:egg":1,"minecraft:dark_oak_sapling":1,"minecraft:stick":5,"minecraft:sandstone":1,"minecraft:pumpkin":6,"minecraft:torch":20,"minecraft:sand":66,"minecraft:diorite":1,"minecraft:white_bed":5,"minecraft:carrot":9,"minecraft:redstone":178,"minecraft:gold_ore":48,"minecraft:dark_oak_log":91,"minecraft:arrow":8,"minecraft:rotten_flesh":11,"minecraft:diamond":14,"minecraft:beetroot_seeds":1,"minecraft:bread":33,"minecraft:netherrack":1,"minecraft:obsidian":10,"minecraft:coal":113,"minecraft:white_wool":1,"minecraft:cobblestone":260},"minecraft:custom":{"minecraft:interact_with_furnace":30,"minecraft:mob_kills":56,"minecraft:interact_with_crafting_table":27,"minecraft:play_one_minute":122536,"minecraft:leave_game":2,"minecraft:time_since_death":7620,"minecraft:sleep_in_bed":4,"tombstone:sneak_grave":7,"minecraft:time_since_rest":7007,"minecraft:sprint_one_cm":384409,"minecraft:damage_taken":1992,"minecraft:walk_one_cm":275127,"minecraft:damage_blocked_by_shield":1475,"minecraft:drop":308,"minecraft:damage_dealt":8363,"minecraft:swim_one_cm":18541,"minecraft:talked_to_villager":1,"minecraft:player_kills":3,"minecraft:fly_one_cm":221931,"minecraft:open_chest":13,"minecraft:crouch_one_cm":25580,"minecraft:sneak_time":13241,"tombstone:undead_killed":30,"minecraft:deaths":4,"minecraft:walk_under_water_one_cm":9935,"minecraft:jump":1718,"minecraft:walk_on_water_one_cm":21542,"minecraft:fall_one_cm":36724},"minecraft:dropped":{"minecraft:iron_ingot":8,"minecraft:stone_axe":1,"minecraft:wheat":2,"minecraft:obsidian":6,"minecraft:cobblestone":196,"minecraft:rotten_flesh":12,"minecraft:dirt":6,"minecraft:diorite":1,"minecraft:wooden_axe":1,"minecraft:andesite":15,"minecraft:leather_leggings":1,"minecraft:sandstone":1,"minecraft:sand":66,"minecraft:bow":1,"minecraft:wooden_pickaxe":2,"minecraft:stone_pickaxe":1,"minecraft:iron_pickaxe":4,"minecraft:dark_oak_planks":12,"minecraft:white_wool":1,"minecraft:bone":4},"minecraft:mined":{"minecraft:nether_gold_ore":5,"minecraft:diamond_ore":12,"minecraft:white_bed":3,"minecraft:dark_oak_leaves":3,"minecraft:kelp_plant":14,"minecraft:dark_oak_log":91,"minecraft:obsidian":12,"minecraft:crafting_table":7,"minecraft:grass_block":1,"minecraft:chest":2,"minecraft:cobblestone":3,"minecraft:lapis_ore":10,"minecraft:kelp":11,"minecraft:sandstone":1,"minecraft:diorite":5,"minecraft:wall_torch":1,"minecraft:seagrass":5,"minecraft:tall_seagrass":11,"minecraft:redstone_ore":44,"minecraft:carrots":9,"minecraft:iron_ore":126,"minecraft:wheat":16,"minecraft:andesite":53,"minecraft:pumpkin":6,"minecraft:yellow_bed":1,"minecraft:grass":12,"minecraft:potatoes":3,"minecraft:coal_ore":115,"minecraft:beetroots":1,"minecraft:sand":2,"minecraft:gravel":2,"minecraft:dirt":4,"minecraft:stone":215,"minecraft:netherrack":1,"minecraft:gold_ore":48,"minecraft:oak_leaves":1}},"DataVersion":2586}