{"stats":{"minecraft:dropped":{"minecraft:wooden_pickaxe":1},"minecraft:mined":{"minecraft:seagrass":5,"minecraft:tall_seagrass":11,"minecraft:white_bed":3,"minecraft:carrots":9,"minecraft:dark_oak_leaves":3,"minecraft:kelp_plant":14,"minecraft:iron_ore":8,"minecraft:wheat":16,"minecraft:dark_oak_log":91,"minecraft:pumpkin":6,"minecraft:yellow_bed":1,"minecraft:crafting_table":7,"minecraft:grass":12,"minecraft:potatoes":3,"minecraft:beetroots":1,"minecraft:chest":2,"minecraft:dirt":1,"minecraft:stone":21,"minecraft:kelp":11,"minecraft:oak_leaves":1},"minecraft:picked_up":{"minecraft:dark_oak_sapling":1,"minecraft:stick":5,"minecraft:crafting_table":7,"minecraft:wheat":2,"minecraft:pumpkin":6,"minecraft:potato":3,"minecraft:sand":2,"minecraft:white_bed":3,"minecraft:yellow_bed":1,"minecraft:carrot":9,"minecraft:dark_oak_log":91,"minecraft:dirt":4,"minecraft:kelp":57,"minecraft:beetroot_seeds":1,"minecraft:wheat_seeds":22,"comforts:sleeping_bag_white":3,"minecraft:iron_ore":8,"minecraft:bread":26,"minecraft:chest":2,"minecraft:white_wool":1,"minecraft:cobblestone":27},"minecraft:used":{"minecraft:wooden_axe":75,"minecraft:stone_pickaxe":25,"minecraft:bread":5,"minecraft:chest":6,"minecraft:wooden_pickaxe":7,"minecraft:stone_axe":63,"minecraft:crafting_table":7,"alexsmobs:animal_dictionary":3,"minecraft:white_bed":1,"comforts:sleeping_bag_white":2,"minecraft:yellow_bed":1},"minecraft:crafted":{"minecraft:crafting_table":1,"minecraft:stick":28,"minecraft:wooden_pickaxe":2,"minecraft:stone_pickaxe":1,"minecraft:wooden_axe":1,"minecraft:chest":4,"minecraft:furnace":1,"minecraft:dark_oak_planks":104,"minecraft:stone_axe":1},"minecraft:custom":{"minecraft:time_since_rest":25,"minecraft:sprint_one_cm":124940,"minecraft:damage_taken":78,"minecraft:walk_one_cm":52030,"minecraft:drop":1,"minecraft:swim_one_cm":17004,"minecraft:interact_with_crafting_table":9,"minecraft:talked_to_villager":1,"minecraft:fly_one_cm":74415,"minecraft:open_chest":2,"minecraft:play_one_minute":26177,"minecraft:crouch_one_cm":943,"minecraft:sneak_time":807,"minecraft:walk_under_water_one_cm":6851,"minecraft:jump":410,"minecraft:leave_game":1,"minecraft:time_since_death":26177,"minecraft:walk_on_water_one_cm":2834,"minecraft:sleep_in_bed":2,"minecraft:fall_one_cm":11641}},"DataVersion":2586}