{"stats":{"minecraft:dropped":{"minecraft:iron_ingot":8,"minecraft:rotten_flesh":6,"minecraft:dirt":6,"minecraft:diorite":1,"minecraft:wooden_axe":1,"minecraft:andesite":6,"minecraft:sandstone":1,"minecraft:sand":66,"minecraft:bow":1,"minecraft:stone_pickaxe":1,"minecraft:wooden_pickaxe":2,"minecraft:iron_pickaxe":3,"minecraft:dark_oak_planks":12,"minecraft:white_wool":1,"minecraft:bone":3},"minecraft:mined":{"minecraft:diamond_ore":5,"minecraft:white_bed":3,"minecraft:dark_oak_leaves":3,"minecraft:kelp_plant":14,"minecraft:dark_oak_log":91,"minecraft:crafting_table":7,"minecraft:grass_block":1,"minecraft:chest":2,"minecraft:lapis_ore":6,"minecraft:kelp":11,"minecraft:diorite":1,"minecraft:sandstone":1,"minecraft:wall_torch":1,"minecraft:seagrass":5,"minecraft:tall_seagrass":11,"minecraft:redstone_ore":26,"minecraft:carrots":9,"minecraft:iron_ore":91,"minecraft:wheat":16,"minecraft:andesite":21,"minecraft:pumpkin":6,"minecraft:yellow_bed":1,"minecraft:grass":12,"minecraft:potatoes":3,"minecraft:coal_ore":88,"minecraft:beetroots":1,"minecraft:dirt":4,"minecraft:sand":2,"minecraft:stone":165,"minecraft:gold_ore":15,"minecraft:oak_leaves":1},"minecraft:killed_by":{"minecraft:skeleton":1},"minecraft:picked_up":{"minecraft:crafting_table":7,"minecraft:wheat":2,"minecraft:andesite":21,"minecraft:potato":3,"minecraft:enchanted_book":1,"minecraft:yellow_bed":1,"minecraft:lapis_lazuli":41,"minecraft:dirt":6,"tombstone:gift":1,"minecraft:bone":3,"minecraft:kelp":57,"minecraft:bow":1,"minecraft:wheat_seeds":22,"comforts:sleeping_bag_white":4,"minecraft:iron_ore":86,"minecraft:iron_pickaxe":3,"minecraft:chest":2,"minecraft:egg":1,"minecraft:dark_oak_sapling":1,"minecraft:stick":5,"minecraft:sandstone":1,"minecraft:pumpkin":6,"minecraft:torch":19,"minecraft:sand":66,"minecraft:diorite":1,"minecraft:redstone":109,"minecraft:white_bed":3,"minecraft:carrot":9,"minecraft:gold_ore":15,"minecraft:dark_oak_log":91,"minecraft:diamond":5,"minecraft:arrow":3,"minecraft:rotten_flesh":5,"minecraft:beetroot_seeds":1,"minecraft:bread":26,"minecraft:coal":87,"minecraft:white_wool":1,"minecraft:cobblestone":122},"minecraft:used":{"minecraft:stone_pickaxe":128,"minecraft:shield":26,"minecraft:chest":6,"minecraft:wooden_pickaxe":7,"minecraft:iron_sword":76,"minecraft:torch":34,"minecraft:crafting_table":9,"minecraft:white_bed":1,"minecraft:wooden_axe":75,"minecraft:diamond_pickaxe":75,"minecraft:bread":11,"minecraft:iron_pickaxe":218,"minecraft:diamond_sword":3,"minecraft:stone_axe":64,"minecraft:cobblestone":17,"minecraft:furnace":1,"minecraft:bucket":1,"minecraft:andesite":6,"tombstone:gift":2,"minecraft:yellow_bed":1,"alexsmobs:animal_dictionary":3,"comforts:sleeping_bag_white":3},"minecraft:killed":{"betteranimalsplus:butterfly":1,"minecraft:skeleton":6,"minecraft:zombie":9,"minecraft:enderman":1},"minecraft:crafted":{"minecraft:diamond_sword":1,"minecraft:crafting_table":2,"minecraft:wooden_pickaxe":2,"minecraft:iron_helmet":1,"minecraft:iron_sword":1,"minecraft:furnace":1,"minecraft:bucket":1,"minecraft:stone_axe":1,"minecraft:diamond_pickaxe":1,"minecraft:iron_boots":1,"minecraft:iron_chestplate":1,"minecraft:shield":1,"minecraft:iron_axe":1,"minecraft:stick":28,"minecraft:iron_ingot":44,"minecraft:iron_pickaxe":1,"minecraft:stone_pickaxe":1,"minecraft:wooden_axe":1,"minecraft:chest":4,"minecraft:iron_leggings":1,"minecraft:dark_oak_planks":108,"minecraft:torch":36},"minecraft:custom":{"minecraft:interact_with_furnace":18,"minecraft:mob_kills":17,"minecraft:interact_with_crafting_table":23,"minecraft:play_one_minute":62177,"minecraft:leave_game":1,"minecraft:time_since_death":16481,"minecraft:sleep_in_bed":3,"minecraft:time_since_rest":14599,"minecraft:sprint_one_cm":245597,"minecraft:damage_taken":450,"minecraft:walk_one_cm":122564,"minecraft:damage_blocked_by_shield":485,"minecraft:drop":96,"minecraft:damage_dealt":3167,"minecraft:talked_to_villager":1,"minecraft:swim_one_cm":17004,"minecraft:fly_one_cm":152663,"minecraft:open_chest":2,"minecraft:crouch_one_cm":8087,"tombstone:undead_killed":15,"minecraft:deaths":1,"minecraft:sneak_time":4901,"minecraft:walk_under_water_one_cm":6851,"minecraft:jump":989,"minecraft:walk_on_water_one_cm":8577,"minecraft:fall_one_cm":23452}},"DataVersion":2586}