{"stats":{"minecraft:dropped":{"minecraft:iron_ingot":8,"minecraft:rotten_flesh":5,"minecraft:andesite":6,"minecraft:sandstone":1,"minecraft:sand":4,"minecraft:wooden_pickaxe":1,"minecraft:bone":1},"minecraft:mined":{"minecraft:white_bed":3,"minecraft:dark_oak_leaves":3,"minecraft:kelp_plant":14,"minecraft:dark_oak_log":91,"minecraft:crafting_table":7,"minecraft:grass_block":1,"minecraft:chest":2,"minecraft:kelp":11,"minecraft:sandstone":1,"minecraft:wall_torch":1,"minecraft:seagrass":5,"minecraft:tall_seagrass":11,"minecraft:carrots":9,"minecraft:iron_ore":67,"minecraft:wheat":16,"minecraft:andesite":11,"minecraft:pumpkin":6,"minecraft:yellow_bed":1,"minecraft:grass":12,"minecraft:potatoes":3,"minecraft:coal_ore":69,"minecraft:beetroots":1,"minecraft:dirt":4,"minecraft:sand":2,"minecraft:stone":111,"minecraft:oak_leaves":1},"minecraft:killed_by":{"minecraft:skeleton":1},"minecraft:picked_up":{"minecraft:crafting_table":7,"minecraft:wheat":2,"minecraft:andesite":12,"minecraft:potato":3,"minecraft:yellow_bed":1,"minecraft:dirt":6,"minecraft:bone":3,"minecraft:kelp":57,"minecraft:wheat_seeds":22,"comforts:sleeping_bag_white":4,"minecraft:iron_ore":62,"minecraft:chest":2,"minecraft:egg":1,"minecraft:dark_oak_sapling":1,"minecraft:stick":5,"minecraft:sandstone":1,"minecraft:pumpkin":6,"minecraft:torch":18,"minecraft:sand":9,"minecraft:white_bed":3,"minecraft:carrot":9,"minecraft:dark_oak_log":91,"minecraft:arrow":2,"minecraft:rotten_flesh":4,"minecraft:beetroot_seeds":1,"minecraft:bread":26,"minecraft:coal":68,"minecraft:white_wool":1,"minecraft:cobblestone":86},"minecraft:used":{"minecraft:stone_pickaxe":128,"minecraft:shield":24,"minecraft:chest":6,"minecraft:wooden_pickaxe":7,"minecraft:iron_sword":52,"minecraft:torch":13,"minecraft:crafting_table":8,"minecraft:white_bed":1,"minecraft:wooden_axe":75,"minecraft:bread":9,"minecraft:iron_pickaxe":133,"minecraft:stone_axe":64,"minecraft:furnace":1,"minecraft:yellow_bed":1,"alexsmobs:animal_dictionary":3,"comforts:sleeping_bag_white":3},"minecraft:killed":{"betteranimalsplus:butterfly":1,"minecraft:skeleton":5,"minecraft:zombie":4},"minecraft:crafted":{"minecraft:crafting_table":1,"minecraft:wooden_pickaxe":2,"minecraft:iron_helmet":1,"minecraft:iron_sword":1,"minecraft:furnace":1,"minecraft:bucket":1,"minecraft:stone_axe":1,"minecraft:iron_boots":1,"minecraft:iron_chestplate":1,"minecraft:shield":1,"minecraft:iron_axe":1,"minecraft:stick":28,"minecraft:iron_ingot":44,"minecraft:iron_pickaxe":1,"minecraft:stone_pickaxe":1,"minecraft:wooden_axe":1,"minecraft:chest":4,"minecraft:iron_leggings":1,"minecraft:dark_oak_planks":104,"minecraft:torch":20},"minecraft:custom":{"minecraft:interact_with_furnace":18,"minecraft:mob_kills":10,"minecraft:interact_with_crafting_table":21,"minecraft:play_one_minute":50177,"minecraft:leave_game":1,"minecraft:time_since_death":4481,"minecraft:sleep_in_bed":3,"minecraft:time_since_rest":2599,"minecraft:sprint_one_cm":226322,"minecraft:damage_taken":381,"minecraft:walk_one_cm":96826,"minecraft:damage_blocked_by_shield":410,"minecraft:drop":14,"minecraft:damage_dealt":1707,"minecraft:talked_to_villager":1,"minecraft:swim_one_cm":17004,"minecraft:fly_one_cm":141987,"minecraft:open_chest":2,"minecraft:crouch_one_cm":2522,"tombstone:undead_killed":9,"minecraft:deaths":1,"minecraft:sneak_time":2294,"minecraft:walk_under_water_one_cm":6851,"minecraft:jump":852,"minecraft:walk_on_water_one_cm":5046,"minecraft:fall_one_cm":21716}},"DataVersion":2586}