{"stats":{"minecraft:used":{"comforts:sleeping_bag_white":1},"minecraft:custom":{"minecraft:time_since_rest":3020,"minecraft:play_one_minute":13618,"minecraft:crouch_one_cm":881,"minecraft:sprint_one_cm":32340,"minecraft:damage_taken":25,"minecraft:walk_one_cm":39962,"minecraft:sneak_time":119,"minecraft:walk_under_water_one_cm":441,"minecraft:drop":1,"minecraft:jump":98,"minecraft:damage_dealt":5,"minecraft:leave_game":1,"minecraft:walk_on_water_one_cm":616,"minecraft:time_since_death":13618,"minecraft:sleep_in_bed":1,"minecraft:fall_one_cm":1627,"minecraft:fly_one_cm":15832},"minecraft:dropped":{"alexsmobs:animal_dictionary":1},"minecraft:picked_up":{"minecraft:sweet_berries":192,"minecraft:diamond":2,"comforts:sleeping_bag_white":2,"minecraft:hay_block":20,"minecraft:iron_ingot":20,"minecraft:oak_log":10,"minecraft:golden_horse_armor":1,"minecraft:dirt":5,"minecraft:coal":20,"alexsmobs:animal_dictionary":1},"minecraft:mined":{"minecraft:grass":5,"minecraft:grass_block":4,"minecraft:dirt":1}},"DataVersion":2586}