{"stats":{"minecraft:mined":{"minecraft:white_bed":2,"create:dolomite":33,"minecraft:obsidian":14,"minecraft:granite":157,"minecraft:acacia_log":2,"paraglider:goron_goddess_statue":2,"pizzacraft:tomatoes":4,"minecraft:coal_block":3,"torchmaster:feral_flare_lantern":1,"minecraft:oxeye_daisy":1,"minecraft:spawner":14,"minecraft:tall_seagrass":3,"minecraft:magma_block":1,"minecraft:fire":39,"minecraft:barrel":2,"minecraft:pumpkin":1,"minecraft:nether_brick_stairs":1,"pizzacraft:broccoli":1,"minecraft:quartz_slab":1,"minecraft:light_gray_concrete":1,"create:limestone":40,"minecraft:tripwire":3,"minecraft:cut_sandstone":1,"minecraft:kelp_plant":11,"minecraft:smoker":1,"minecraft:torch":133,"minecraft:note_block":3,"minecraft:blast_furnace":1,"minecraft:melon":31,"minecraft:dead_bush":1,"minecraft:glass":8,"minecraft:sugar_cane":363,"minecraft:wheat":3553,"minecraft:lilac":4,"minecraft:pumpkin_stem":3,"create:weathered_limestone":1,"minecraft:grass":297,"betteranimalsplus:deerhead_2":2,"minecraft:smooth_quartz":26,"create:linear_chassis":8,"minecraft:piston":1,"minecraft:attached_pumpkin_stem":1,"create:zinc_ore":116,"minecraft:dark_prismarine":3,"minecraft:jungle_planks":4,"minecraft:redstone_wire":4,"minecraft:kelp":4,"minecraft:redstone_ore":120,"betteranimalsplus:boarhead_light_brown":1,"minecraft:andesite":311,"create:limestone_cobblestone":1,"minecraft:potatoes":4,"create:cart_assembler":2,"minecraft:rail":127,"minecraft:bone_block":6,"minecraft:white_wool":12,"minecraft:oak_slab":4,"minecraft:birch_stairs":5,"minecraft:redstone_block":1,"minecraft:glass_pane":7,"minecraft:soul_sand":21,"pizzacraft:pineapple":1,"minecraft:dandelion":3,"pizzacraft:red_pizza_bag":2,"minecraft:campfire":1,"minecraft:tall_grass":28,"minecraft:diorite":155,"minecraft:birch_leaves":18,"minecraft:purple_concrete":6,"create:mechanical_drill":1,"minecraft:gravel":144,"minecraft:cobweb":49,"minecraft:stone_bricks":1,"minecraft:gold_ore":48,"minecraft:iron_trapdoor":2,"minecraft:fern":2,"minecraft:spruce_planks":1,"minecraft:stone_pressure_plate":1,"minecraft:attached_melon_stem":1,"minecraft:farmland":5,"paraglider:rito_goddess_statue":1,"create:weathered_limestone_cobblestone":1,"minecraft:stripped_crimson_hyphae":4,"minecraft:grass_block":738,"minecraft:soul_soil":5,"minecraft:frosted_ice":1,"comforts:sleeping_bag_white":18,"minecraft:glowstone":10,"minecraft:iron_ore":532,"create:copper_ore":333,"alexsmobs:crocodile_egg":2,"minecraft:azure_bluet":2,"minecraft:red_tulip":1,"minecraft:iron_bars":2,"minecraft:purple_carpet":1,"pizzacraft:onions":1,"minecraft:blackstone":13,"minecraft:melon_stem":36,"prettypipes:crafting_terminal":1,"minecraft:orange_terracotta":1,"minecraft:chiseled_quartz_block":3,"minecraft:clay":17,"minecraft:jungle_stairs":1,"minecraft:poppy":46,"minecraft:chest":6,"minecraft:mushroom_stem":12,"minecraft:nether_quartz_ore":103,"minecraft:cobblestone":261,"minecraft:oak_planks":250,"minecraft:wall_torch":91,"minecraft:seagrass":10,"minecraft:blue_terracotta":36,"betteranimalsplus:coyotehead_1":1,"minecraft:birch_log":84,"minecraft:oak_log":499,"pizzacraft:cucumbers":1,"minecraft:sand":186,"minecraft:dirt":726,"minecraft:crimson_planks":1,"minecraft:tripwire_hook":1,"minecraft:dispenser":3,"minecraft:netherrack":40,"minecraft:ancient_debris":1,"minecraft:oak_leaves":497,"minecraft:redstone_lamp":1,"minecraft:diamond_ore":13,"minecraft:oak_door":1,"prettypipes:pipe":35,"create:natural_scoria":31,"minecraft:lever":4,"minecraft:purple_terracotta":4,"minecraft:birch_slab":15,"minecraft:spruce_leaves":2,"minecraft:sandstone":20,"minecraft:large_fern":4,"minecraft:hay_block":177,"minecraft:furnace":24,"minecraft:peony":1,"minecraft:gold_block":13,"minecraft:bookshelf":10,"minecraft:stripped_oak_log":27,"minecraft:stone":2709,"minecraft:redstone_wall_torch":2,"betteranimalsplus:feralwolfhead_timber":1,"minecraft:basalt":78,"minecraft:oak_fence":1,"minecraft:crafting_table":36,"minecraft:rose_bush":3,"minecraft:birch_planks":17,"minecraft:sea_pickle":1,"minecraft:sweet_berry_bush":92,"minecraft:bee_nest":1,"minecraft:grass_path":1,"minecraft:coal_ore":824,"paraglider:goddess_statue":4},"minecraft:used":{"alexsmobs:emu_egg":5,"minecraft:chest":59,"minecraft:stone":282,"minecraft:rotten_flesh":9,"minecraft:soul_sand":21,"minecraft:snowball":14,"betteranimalsplus:deerhead_2":2,"minecraft:lava_bucket":3,"betteranimalsplus:eel_meat_cooked":2,"minecraft:bow":43,"minecraft:sweet_berries":122,"minecraft:oak_sapling":59,"minecraft:furnace":18,"minecraft:egg":20,"minecraft:potato":12,"minecraft:mossy_stone_bricks":1,"minecraft:diorite":6,"minecraft:damaged_anvil":1,"minecraft:blackstone":1,"minecraft:wooden_pickaxe":88,"minecraft:oak_leaves":254,"minecraft:sand":53,"betteranimalsplus:crab_meat_cooked":4,"minecraft:blast_furnace":13,"minecraft:pumpkin_seeds":1,"minecraft:birch_slab":37,"minecraft:red_terracotta":1,"pizzacraft:broccoli_seeds":1,"minecraft:diamond_sword":3449,"minecraft:birch_log":1,"minecraft:oak_boat":1,"minecraft:oak_trapdoor":1,"camera:image_frame":8,"minecraft:enchanting_table":1,"minecraft:stone_sword":60,"betteranimalsplus:feralwolfhead_timber":1,"minecraft:netherrack":40,"minecraft:torch":293,"minecraft:anvil":2,"create:wrench":104,"minecraft:iron_axe":1458,"carryon:entity_item":60,"minecraft:smooth_quartz":1,"elevatorid:elevator_red":2,"minecraft:melon_seeds":2,"minecraft:basalt":19,"minecraft:beef":6,"minecraft:iron_trapdoor":1,"farmersdelight:cooking_pot":1,"tombstone:gift":5,"comforts:sleeping_bag_white":119,"minecraft:golden_axe":43,"minecraft:wheat_seeds":1255,"minecraft:water_bucket":51,"minecraft:birch_planks":268,"pizzacraft:cucumber_seeds":1,"create:furnace_minecart_contraption":2,"minecraft:rail":25,"minecraft:crafting_table":38,"minecraft:oak_slab":162,"create:weathered_limestone_cobblestone":12,"minecraft:white_bed":3,"pizzacraft:pineapple_seeds":1,"minecraft:oak_log":130,"minecraft:dark_prismarine":3,"minecraft:diamond_pickaxe":1085,"minecraft:iron_pickaxe":4530,"minecraft:suspicious_stew":3,"alexsmobs:crocodile_egg":4,"minecraft:cobblestone":1553,"minecraft:cooked_porkchop":3,"minecraft:glass_pane":77,"minecraft:stripped_oak_log":20,"minecraft:blue_terracotta":36,"minecraft:iron_shovel":617,"minecraft:bone_block":2,"minecraft:shield":197,"farmersdelight:stove":1,"minecraft:iron_sword":1353,"betteranimalsplus:turkey_egg":1,"minecraft:mutton":9,"minecraft:furnace_minecart":7,"minecraft:obsidian":26,"minecraft:glass":47,"minecraft:stone_bricks":5,"carryon:tile_item":40,"pizzacraft:red_pizza_bag":2,"create:mechanical_drill":27,"minecraft:gold_block":2,"minecraft:birch_leaves":1,"minecraft:stone_pickaxe":1152,"minecraft:oak_planks":897,"minecraft:ender_pearl":2,"minecraft:sandstone":6,"minecraft:sugar_cane":93,"minecraft:white_wool":24,"minecraft:golden_hoe":335,"minecraft:shears":294,"minecraft:lever":3,"minecraft:bread":817,"minecraft:string":2,"tombstone:grave_key":1,"minecraft:gravel":77,"minecraft:andesite":32,"betteranimalsplus:boarhead_light_brown":1,"minecraft:bone_meal":10,"minecraft:experience_bottle":11,"pizzacraft:tomato_seeds":3,"minecraft:oak_fence":38,"minecraft:netherite_sword":12,"minecraft:flint_and_steel":23,"minecraft:stone_shovel":646,"betteranimalsplus:fried_egg":2,"minecraft:stone_hoe":149,"minecraft:oak_door":7,"minecraft:dirt":1431,"minecraft:granite":27,"prettypipes:crafting_terminal":2,"minecraft:iron_hoe":293,"minecraft:wooden_axe":18,"alexsmobs:maggot":1,"aquaculture:iron_fishing_rod":20,"minecraft:bookshelf":11,"paraglider:goron_goddess_statue":3,"create:cart_assembler":8,"paraglider:rito_goddess_statue":2,"torchmaster:feral_flare_lantern":7,"minecraft:golden_carrot":2,"minecraft:soul_soil":5,"minecraft:cooked_beef":7,"create:copper_ore":1,"minecraft:cooked_mutton":10,"minecraft:iron_ore":2,"prettypipes:pipe":105,"tombstone:bag_of_seeds":2,"create:linear_chassis":41,"minecraft:apple":1,"create:mechanical_press":1,"create:limestone_cobblestone":1,"minecraft:stone_axe":542,"minecraft:bucket":54,"create:hand_crank":1,"minecraft:birch_stairs":22},"minecraft:killed_by":{"minecraft:piglin_brute":5,"minecraft:pillager":1,"alexsmobs:straddler":10,"minecraft:magma_cube":1,"minecraft:vindicator":8,"minecraft:zombie":2,"alexsmobs:grizzly_bear":1,"betteranimalsplus:shark":4,"alexsmobs:centipede_head":2,"minecraft:creeper":3,"alexsmobs:crocodile":1,"minecraft:player":19,"betteranimalsplus:boar":1,"minecraft:enderman":4,"minecraft:skeleton":10},"minecraft:killed":{"betteranimalsplus:coyote":4,"minecraft:skeleton":103,"betteranimalsplus:octopus":1,"minecraft:chicken":3,"betteranimalsplus:goose":1,"betteranimalsplus:deer":5,"alexsmobs:straddler":1,"alexsmobs:centipede_head":1,"betteranimalsplus:squirrel":2,"minecraft:tropical_fish":3,"alexsmobs:seal":1,"minecraft:iron_golem":1,"betteranimalsplus:pheasant":2,"minecraft:pillager":108,"minecraft:zombie":87,"alexsmobs:roadrunner":3,"minecraft:cow":9,"alexsmobs:raccoon":8,"minecraft:vindicator":26,"betteranimalsplus:butterfly":2,"minecraft:horse":8,"betteranimalsplus:songbird":3,"betteranimalsplus:eel_saltwater":3,"minecraft:wandering_trader":8,"alexsmobs:crocodile":1,"betteranimalsplus:blackbear":2,"minecraft:enderman":20,"minecraft:zombified_piglin":1,"minecraft:witch":2,"minecraft:spider":17,"minecraft:piglin_brute":11,"betteranimalsplus:tarantula":1,"betteranimalsplus:goat":9,"minecraft:piglin":1,"minecraft:pig":3,"alexsmobs:grizzly_bear":5,"minecraft:zombie_villager":2,"alexsmobs:stradpole":3,"minecraft:creeper":10,"minecraft:sheep":45,"minecraft:trader_llama":15,"aquaculture:minnow":1,"betteranimalsplus:jellyfish":2,"alexsmobs:fly":3,"alexsmobs:tarantula_hawk":1,"betteranimalsplus:boar":12,"alexsmobs:tasmanian_devil":1,"alexsmobs:rattlesnake":4,"minecraft:phantom":2,"minecraft:llama":3,"minecraft:drowned":5,"betteranimalsplus:shark":1,"betteranimalsplus:badger":1,"betteranimalsplus:brownbear":1,"aquaculture:jellyfish":3,"betteranimalsplus:feralwolf":2,"alexsmobs:emu":2,"alexsmobs:gazelle":1,"betteranimalsplus:crab":3,"alexsmobs:crow":1},"minecraft:picked_up":{"betteranimalsplus:turkey_egg":3,"minecraft:iron_chestplate":2,"torchmaster:feral_flare_lantern":1,"minecraft:lead":17,"minecraft:diamond_sword":14,"betteranimalsplus:venisonraw":21,"create:wrench":1,"minecraft:enchanted_book":1,"camera:camera":1,"create:limestone_cobblestone":81,"paraglider:goddess_statue":4,"minecraft:string":77,"minecraft:soul_soil":5,"minecraft:pufferfish":1,"betteranimalsplus:bear_skin_black":2,"minecraft:beetroot":1,"alexsmobs:emu_feather":4,"create:cart_assembler":2,"minecraft:gold_nugget":51,"minecraft:spruce_planks":26,"minecraft:melon_slice":151,"minecraft:coal_block":4,"minecraft:jukebox":1,"pizzacraft:pineapple_seeds":1,"minecraft:acacia_log":2,"minecraft:golden_axe":2,"pizzacraft:tomato_seeds":4,"alexsmobs:centipede_leg":2,"minecraft:stone_sword":2,"minecraft:tropical_fish":4,"create:scoria":31,"minecraft:iron_bars":8,"minecraft:snowball":30,"paraglider:goron_goddess_statue":2,"minecraft:birch_log":84,"minecraft:magma_block":7,"minecraft:feather":8,"minecraft:cooked_beef":5,"minecraft:birch_slab":15,"minecraft:water_bucket":1,"minecraft:smoker":1,"minecraft:flint":14,"prettypipes:crafting_terminal":1,"minecraft:purple_carpet":1,"betteranimalsplus:pheasant_egg":2,"pizzacraft:cucumber_seeds":1,"create:mechanical_drill":12,"create:goggles":1,"minecraft:glowstone_dust":39,"aquaculture:jellyfish":5,"alexsmobs:crocodile_egg":2,"pizzacraft:cucumber":4,"betteranimalsplus:pheasantraw":3,"sophisticatedbackpacks:iron_backpack":5,"minecraft:ink_sac":2,"minecraft:fermented_spider_eye":1,"minecraft:red_terracotta":3,"alexsmobs:animal_dictionary":3,"minecraft:barrel":4,"minecraft:iron_hoe":2,"minecraft:polished_andesite":2,"betteranimalsplus:boarhead_gray":1,"minecraft:dispenser":5,"minecraft:blue_terracotta":36,"pizzacraft:onion":3,"minecraft:lever":4,"minecraft:granite":199,"minecraft:golden_horse_armor":2,"minecraft:bread":74,"alexsmobs:maggot":12,"minecraft:diamond_pickaxe":3,"minecraft:crafting_table":39,"minecraft:clay_ball":68,"camera:image_frame":7,"minecraft:iron_shovel":1,"minecraft:cartography_table":1,"minecraft:beef":25,"minecraft:iron_nugget":1,"minecraft:poppy":48,"minecraft:spruce_slab":2,"minecraft:minecart":7,"minecraft:chest":7,"minecraft:birch_sapling":3,"minecraft:piston":9,"minecraft:egg":24,"minecraft:sandstone":24,"minecraft:stone":88,"minecraft:oak_door":2,"sophisticatedbackpacks:backpack":4,"minecraft:mushroom_stem":8,"minecraft:redstone":526,"minecraft:stone_shovel":1,"betteranimalsplus:boarhead_light_brown":2,"minecraft:beetroot_seeds":11,"minecraft:shears":2,"minecraft:diamond_boots":1,"minecraft:hay_block":406,"minecraft:gold_ingot":18,"minecraft:mutton":92,"minecraft:white_wool":51,"minecraft:bone_block":6,"minecraft:rail":136,"minecraft:oxeye_daisy":1,"minecraft:stripped_oak_log":27,"create:iron_sheet":6,"minecraft:filled_map":8,"create:weathered_limestone_cobblestone":33,"minecraft:oak_log":694,"minecraft:lily_pad":26,"minecraft:paper":2,"tombstone:gift":2,"minecraft:white_banner":1,"aquaculture:brown_shrooma":1,"farmersdelight:cooking_pot":1,"minecraft:apple":3,"minecraft:stone_bricks":15,"minecraft:kelp":25,"betteranimalsplus:antler":10,"alexsmobs:cockroach_wing_fragment":2,"minecraft:stone_pickaxe":4,"minecraft:iron_ore":522,"tombstone:bag_of_seeds":3,"minecraft:iron_sword":3,"minecraft:sweet_berries":435,"betteranimalsplus:bear_skin_brown":2,"minecraft:gravel":137,"minecraft:birch_stairs":6,"aquaculture:red_grouper":5,"minecraft:spruce_sapling":1,"minecraft:spruce_log":1,"tombstone:scroll_of_true_sight":1,"minecraft:slime_ball":6,"minecraft:gray_wool":2,"minecraft:melon_seeds":69,"minecraft:stripped_dark_oak_log":1,"minecraft:ender_pearl":11,"betteranimalsplus:calamari_raw":1,"minecraft:wheat":1271,"create:dolomite_cobblestone":33,"minecraft:redstone_block":1,"minecraft:iron_trapdoor":1,"betteranimalsplus:deerhead_2":4,"minecraft:stone_brick_stairs":2,"tombstone:grave_key":5,"minecraft:crimson_planks":1,"pizzacraft:pineapple":1,"minecraft:iron_leggings":2,"comforts:sleeping_bag_white":125,"alexsmobs:cooked_moose_ribs":1,"minecraft:rose_bush":3,"minecraft:redstone_torch":1,"minecraft:smooth_quartz":27,"minecraft:iron_pickaxe":6,"alexsmobs:raccoon_tail":4,"minecraft:iron_boots":3,"minecraft:furnace":46,"minecraft:stick":86,"minecraft:oak_fence":1,"minecraft:torch":298,"minecraft:spruce_stairs":1,"minecraft:porkchop":23,"tombstone:grave_dust":37,"minecraft:diorite":196,"minecraft:rotten_flesh":117,"alexsmobs:emu_egg":7,"minecraft:obsidian":40,"minecraft:cod":7,"minecraft:cobblestone":3549,"minecraft:lilac":2,"minecraft:repeater":2,"aquaculture:tuna":1,"minecraft:andesite":313,"pizzacraft:broccoli":3,"minecraft:chiseled_quartz_block":2,"minecraft:potato":18,"alexsmobs:bear_fur":2,"paraglider:spirit_orb":18,"minecraft:dirt":1815,"minecraft:bone":91,"create:copper_ore":603,"minecraft:bow":6,"minecraft:wheat_seeds":6395,"pizzacraft:tomato":13,"minecraft:mossy_stone_bricks":1,"camera:image":1,"minecraft:oak_planks":340,"aquaculture:atlantic_herring":4,"betteranimalsplus:crab_meat_raw":4,"minecraft:music_disc_13":1,"minecraft:sand":329,"minecraft:jungle_planks":4,"prettypipes:pipe":35,"minecraft:nether_brick_stairs":3,"minecraft:grass_block":7,"minecraft:dark_prismarine":3,"minecraft:light_gray_concrete":1,"minecraft:diamond":13,"minecraft:cracked_polished_blackstone_bricks":1,"minecraft:crossbow":1,"minecraft:bone_meal":1,"minecraft:emerald":22,"minecraft:oak_sapling":64,"minecraft:netherrack":53,"minecraft:oak_leaves":286,"minecraft:charcoal":2,"minecraft:azure_bluet":2,"minecraft:chicken":5,"minecraft:ladder":3,"minecraft:gold_block":13,"minecraft:diamond_horse_armor":2,"minecraft:shield":2,"minecraft:iron_axe":2,"minecraft:quartz_slab":4,"betteranimalsplus:coyotehead_1":2,"minecraft:blackstone":10,"paraglider:rito_goddess_statue":1,"minecraft:oak_boat":1,"create:zinc_ore":118,"minecraft:player_head":2,"minecraft:light_gray_wool":2,"minecraft:sugar_cane":641,"create:linear_chassis":20,"minecraft:stripped_crimson_hyphae":3,"create:golden_sheet":10,"minecraft:bowl":11,"minecraft:note_block":4,"minecraft:polished_blackstone_bricks":11,"minecraft:stone_pressure_plate":1,"alexsmobs:crocodile_scute":4,"minecraft:purple_terracotta":4,"pizzacraft:red_pizza_bag":3,"minecraft:arrow":102,"minecraft:jungle_stairs":3,"minecraft:saddle":6,"betteranimalsplus:wolf_pelt_black":2,"minecraft:basalt":75,"minecraft:golden_carrot":5,"minecraft:salmon":1,"minecraft:cut_sandstone":1,"minecraft:leather":61,"minecraft:birch_planks":18,"create:andesite_alloy":1,"minecraft:gunpowder":19,"pizzacraft:broccoli_seeds":1,"minecraft:orange_terracotta":1,"minecraft:cooked_mutton":1,"minecraft:iron_ingot":90,"minecraft:cooked_chicken":1,"aquaculture:minnow":1,"minecraft:soul_sand":21,"minecraft:purple_concrete":2,"minecraft:book":30,"minecraft:oak_slab":7,"minecraft:pumpkin":1,"minecraft:chiseled_stone_bricks":1,"minecraft:quartz":103,"minecraft:dandelion":4,"aquaculture:piranha":1,"minecraft:blast_furnace":1,"minecraft:white_bed":2,"betteranimalsplus:turkey_leg_raw":2,"minecraft:gold_ore":48,"minecraft:spider_eye":7,"minecraft:brick_slab":2,"betteranimalsplus:eel_meat_raw":12,"minecraft:pumpkin_seeds":21,"minecraft:iron_helmet":2,"tombstone:magic_scroll":3,"minecraft:damaged_anvil":1,"minecraft:black_wool":3,"minecraft:coal":1404},"minecraft:custom":{"minecraft:interact_with_crafting_table":263,"minecraft:open_barrel":71,"minecraft:leave_game":91,"minecraft:time_since_death":18188,"minecraft:damage_blocked_by_shield":8058,"minecraft:deaths":100,"tombstone:tomb_raiding":1,"minecraft:jump":59410,"minecraft:enchant_item":1,"minecraft:interact_with_furnace":249,"minecraft:traded_with_villager":3,"minecraft:sleep_in_bed":132,"tombstone:sneak_grave":1,"minecraft:damage_dealt":135141,"tombstone:undead_killed":200,"minecraft:interact_with_smithing_table":2,"minecraft:inspect_dispenser":1,"minecraft:horse_one_cm":6432383,"minecraft:interact_with_anvil":13,"minecraft:damage_dealt_absorbed":404,"minecraft:sneak_time":155530,"minecraft:interact_with_blast_furnace":127,"tombstone:raider_killed":138,"minecraft:interact_with_stonecutter":5,"minecraft:time_since_rest":13131,"minecraft:swim_one_cm":1245065,"minecraft:fly_one_cm":12339687,"minecraft:open_chest":777,"minecraft:fish_caught":13,"minecraft:fall_one_cm":1751395,"minecraft:damage_resisted":12,"minecraft:sprint_one_cm":6659656,"minecraft:drop":1528,"minecraft:play_noteblock":3,"minecraft:talked_to_villager":16,"minecraft:walk_on_water_one_cm":586231,"minecraft:play_one_minute":3062994,"minecraft:player_kills":17,"minecraft:crouch_one_cm":317028,"tombstone:villager_killed":8,"minecraft:mob_kills":651,"minecraft:damage_dealt_resisted":82,"minecraft:climb_one_cm":44888,"minecraft:walk_one_cm":5708843,"minecraft:walk_under_water_one_cm":328854,"minecraft:boat_one_cm":380194,"minecraft:damage_taken":62399},"minecraft:dropped":{"sophisticatedbackpacks:iron_backpack":5,"minecraft:iron_sword":2,"minecraft:piston":2,"minecraft:porkchop":1,"minecraft:cooked_beef":1,"minecraft:diamond":4,"minecraft:crafting_table":3,"minecraft:crossbow":2,"minecraft:saddle":3,"minecraft:rail":84,"minecraft:gold_block":5,"minecraft:dirt":124,"minecraft:wooden_sword":1,"alexsmobs:emu_feather":4,"minecraft:bone_meal":102,"create:goggles":1,"minecraft:sand":30,"minecraft:iron_pickaxe":5,"alexsmobs:raccoon_tail":3,"minecraft:white_wool":20,"minecraft:birch_stairs":1,"minecraft:bone":18,"minecraft:stone_axe":1,"minecraft:sugar_cane":6,"minecraft:lever":1,"minecraft:cooked_chicken":1,"minecraft:birch_sapling":1,"minecraft:wheat":11,"minecraft:obsidian":1,"tombstone:gift":2,"camera:image":1,"minecraft:rotten_flesh":37,"minecraft:oak_planks":15,"betteranimalsplus:deerhead_2":1,"alexsmobs:emu_egg":2,"create:scoria":31,"minecraft:jungle_stairs":3,"create:wrench":1,"camera:camera":1,"betteranimalsplus:antler":12,"minecraft:spruce_slab":2,"minecraft:stone_brick_stairs":2,"minecraft:egg":6,"minecraft:crimson_planks":1,"minecraft:enchanted_book":3,"minecraft:iron_ingot":48,"minecraft:wheat_seeds":2937,"create:copper_ore":474,"minecraft:golden_horse_armor":2,"minecraft:oak_fence":1,"minecraft:iron_helmet":3,"minecraft:feather":5,"minecraft:cobblestone":1451,"minecraft:granite":76,"minecraft:coal":32,"minecraft:diamond_horse_armor":1,"minecraft:golden_carrot":3,"minecraft:ink_sac":2,"minecraft:wooden_axe":1,"minecraft:rose_bush":3,"minecraft:golden_hoe":1,"minecraft:red_dye":25,"minecraft:iron_shovel":1,"minecraft:paper":8,"minecraft:string":6,"create:limestone_cobblestone":40,"minecraft:spruce_sapling":1,"betteranimalsplus:eel_meat_cooked":1,"minecraft:stone_sword":2,"minecraft:bowl":3,"minecraft:experience_bottle":1,"minecraft:stone_shovel":2,"minecraft:iron_boots":3,"sophisticatedbackpacks:backpack":1,"create:weathered_limestone_cobblestone":20,"minecraft:pumpkin_seeds":24,"minecraft:diamond_sword":15,"minecraft:hay_block":316,"alexsmobs:cockroach_wing_fragment":2,"minecraft:diamond_pickaxe":4,"minecraft:wooden_shovel":1,"minecraft:spider_eye":2,"minecraft:stone_bricks":5,"minecraft:sandstone":6,"minecraft:bow":3,"minecraft:magma_block":6,"minecraft:brick_slab":1,"minecraft:quartz_slab":2,"minecraft:nether_brick_stairs":3,"betteranimalsplus:wolf_pelt_black":1,"create:super_glue":1,"minecraft:birch_planks":1,"minecraft:oak_log":16,"minecraft:ender_pearl":1,"minecraft:leather":12,"aquaculture:minnow":1,"minecraft:jungle_planks":4,"paraglider:spirit_orb":5,"minecraft:flint":4,"tombstone:bag_of_seeds":1,"minecraft:dispenser":2,"minecraft:mutton":8,"create:iron_sheet":1,"betteranimalsplus:eel_meat_raw":2,"paraglider:paraglider":2,"minecraft:gold_ingot":10,"minecraft:gravel":33,"minecraft:beetroot":1,"minecraft:cooked_mutton":5,"minecraft:carrot":8,"minecraft:chiseled_stone_bricks":1,"minecraft:poppy":3,"minecraft:gunpowder":7,"create:dolomite_cobblestone":1,"minecraft:skeleton_skull":3,"minecraft:beetroot_seeds":9,"create:zinc_ore":118,"comforts:sleeping_bag_white":5,"minecraft:iron_ore":6,"minecraft:iron_bars":3,"minecraft:arrow":55,"minecraft:netherrack":1,"minecraft:stone_hoe":2,"minecraft:bread":172,"minecraft:lilac":1,"betteranimalsplus:bear_skin_black":1,"minecraft:golden_axe":1,"minecraft:lead":11,"minecraft:spectral_arrow":1,"aquaculture:red_grouper":2,"minecraft:grass_block":1,"minecraft:stick":28,"minecraft:iron_block":2,"minecraft:diorite":146,"minecraft:torch":8,"tombstone:grave_key":5,"minecraft:repeater":2,"minecraft:iron_door":1,"tombstone:grave_dust":17,"minecraft:iron_leggings":2,"minecraft:bucket":1,"alexsmobs:maggot":1,"minecraft:kelp":21,"minecraft:sweet_berries":199,"minecraft:oak_trapdoor":1,"create:furnace_minecart_contraption":1,"minecraft:iron_hoe":1,"minecraft:smoker":1,"alexsmobs:bear_fur":2,"minecraft:filled_map":8,"betteranimalsplus:turkey_egg":1,"betteranimalsplus:calamari_raw":1,"minecraft:shield":4,"minecraft:iron_chestplate":3,"minecraft:andesite":68,"minecraft:oak_sapling":1,"minecraft:slime_ball":1,"betteranimalsplus:venisonraw":12,"minecraft:stone_pickaxe":6},"minecraft:crafted":{"minecraft:smooth_stone":38,"paraglider:rito_goddess_statue":1,"minecraft:birch_slab":30,"minecraft:lever":1,"minecraft:bookshelf":2,"minecraft:cooked_mutton":24,"minecraft:iron_bars":96,"prettypipes:blank_module":3,"minecraft:glass":121,"create:mechanical_press":1,"minecraft:furnace_minecart":7,"minecraft:wooden_shovel":1,"minecraft:cooked_porkchop":3,"minecraft:sticky_piston":1,"prettypipes:low_speed_module":1,"prettypipes:low_extraction_module":1,"minecraft:hay_block":234,"minecraft:campfire":2,"camera:camera":1,"minecraft:stone_slab":6,"minecraft:iron_pickaxe":15,"minecraft:iron_block":10,"betteranimalsplus:eel_meat_cooked":3,"minecraft:gold_ingot":23,"betteranimalsplus:fried_egg":2,"minecraft:birch_stairs":24,"minecraft:stone_shovel":5,"create:wrench":1,"create:copper_ingot":192,"comforts:sleeping_bag_white":3,"minecraft:bone_meal":201,"prettypipes:high_retrieval_module":1,"minecraft:stone_pickaxe":10,"farmersdelight:rice":1,"prettypipes:low_retrieval_module":1,"minecraft:redstone_block":9,"prettypipes:crafting_terminal":1,"minecraft:wheat":972,"minecraft:enchanting_table":1,"farmersdelight:cooking_pot":1,"minecraft:wooden_axe":1,"torchmaster:feral_flare_lantern":4,"minecraft:iron_shovel":4,"minecraft:iron_leggings":5,"minecraft:white_bed":1,"create:shaft":8,"prettypipes:medium_speed_module":2,"minecraft:brick":64,"minecraft:oak_planks":1260,"create:andesite_casing":4,"minecraft:stone":333,"prettypipes:high_extraction_module":1,"alexsmobs:crocodile_egg":2,"minecraft:bow":1,"minecraft:iron_boots":5,"tombstone:grave_key":1,"minecraft:chest":42,"minecraft:oak_button":1,"minecraft:bricks":1,"minecraft:stone_hoe":2,"minecraft:oak_fence":3,"farmersdelight:stove":1,"minecraft:oak_slab":156,"sophisticatedbackpacks:backpack":1,"minecraft:crafting_table":7,"minecraft:wooden_pickaxe":1,"minecraft:iron_helmet":5,"minecraft:red_wool":18,"prettypipes:medium_extraction_module":1,"minecraft:birch_planks":326,"minecraft:pumpkin_seeds":4,"minecraft:iron_chestplate":5,"minecraft:diamond_pickaxe":1,"minecraft:shield":6,"minecraft:stick":172,"minecraft:iron_ingot":454,"minecraft:stone_sword":1,"prettypipes:medium_retrieval_module":1,"aquaculture:iron_fishing_rod":1,"minecraft:shears":3,"paraglider:goron_goddess_statue":2,"minecraft:oak_door":6,"minecraft:furnace":2,"minecraft:piston":2,"minecraft:glass_pane":128,"minecraft:oak_trapdoor":2,"minecraft:flint_and_steel":1,"betteranimalsplus:crab_meat_cooked":4,"prettypipes:item_terminal":1,"minecraft:iron_axe":8,"minecraft:iron_hoe":2,"prettypipes:pipe":188,"sophisticatedbackpacks:iron_backpack":2,"minecraft:cooked_beef":4,"minecraft:sugar":33,"paraglider:paraglider":3,"minecraft:red_dye":43,"minecraft:crimson_planks":12,"create:hand_crank":1,"minecraft:diamond_sword":1,"minecraft:iron_sword":2,"minecraft:bowl":8,"elevatorid:elevator_red":2,"minecraft:bucket":3,"minecraft:stone_axe":5,"minecraft:air":0,"minecraft:bread":502,"minecraft:oak_boat":1,"minecraft:anvil":2,"minecraft:acacia_planks":8,"minecraft:torch":128,"create:zinc_ingot":159},"minecraft:broken":{"minecraft:shears":1,"minecraft:iron_boots":5,"minecraft:iron_chestplate":3,"minecraft:iron_leggings":2,"minecraft:wooden_pickaxe":1,"minecraft:shield":2,"minecraft:iron_axe":7,"minecraft:iron_pickaxe":17,"minecraft:iron_helmet":8,"minecraft:stone_pickaxe":5,"minecraft:stone_axe":4,"minecraft:stone_shovel":4,"minecraft:golden_axe":1}},"DataVersion":2586}