{"stats":{"minecraft:dropped":{"minecraft:bread":26,"comforts:sleeping_bag_white":1},"minecraft:mined":{"minecraft:hay_block":30,"minecraft:birch_log":7,"minecraft:birch_leaves":1,"minecraft:crafting_table":3,"minecraft:cornflower":1,"minecraft:grass":14,"minecraft:grass_block":135,"minecraft:sand":1215,"minecraft:dirt":89,"minecraft:tall_grass":2,"minecraft:stone":12},"minecraft:picked_up":{"minecraft:birch_log":7,"minecraft:crafting_table":3,"minecraft:wooden_pickaxe":1,"minecraft:sand":1208,"minecraft:cornflower":1,"minecraft:dirt":219,"minecraft:rotten_flesh":2,"minecraft:wheat_seeds":2,"comforts:sleeping_bag_white":3,"minecraft:hay_block":30,"minecraft:mutton":9,"minecraft:cod":1,"minecraft:cobblestone":12,"minecraft:white_wool":6},"minecraft:used":{"minecraft:stone_shovel":1380,"minecraft:bread":6,"minecraft:wooden_pickaxe":12,"minecraft:wooden_shovel":60,"minecraft:wooden_sword":37,"minecraft:crafting_table":5,"alexsmobs:animal_dictionary":1,"comforts:sleeping_bag_white":2},"minecraft:crafted":{"minecraft:wooden_sword":1,"minecraft:wooden_shovel":1,"minecraft:stone_shovel":12,"minecraft:crafting_table":2,"minecraft:stick":32,"comforts:sleeping_bag_white":2,"minecraft:birch_planks":28,"minecraft:bread":90,"minecraft:wheat":270},"minecraft:killed":{"minecraft:sheep":7,"betteranimalsplus:butterfly":1,"betteranimalsplus:barracuda":1},"minecraft:broken":{"minecraft:wooden_shovel":1,"minecraft:stone_shovel":10},"minecraft:custom":{"minecraft:time_since_rest":12025,"minecraft:sprint_one_cm":55687,"minecraft:damage_taken":180,"minecraft:walk_one_cm":94100,"minecraft:mob_kills":10,"minecraft:drop":27,"minecraft:damage_dealt":720,"minecraft:swim_one_cm":7641,"minecraft:interact_with_crafting_table":9,"minecraft:fly_one_cm":122362,"minecraft:open_chest":4,"minecraft:play_one_minute":37442,"minecraft:crouch_one_cm":72751,"minecraft:bell_ring":2,"minecraft:sneak_time":11955,"minecraft:walk_under_water_one_cm":616,"minecraft:jump":529,"minecraft:leave_game":1,"minecraft:time_since_death":37442,"minecraft:walk_on_water_one_cm":789,"minecraft:sleep_in_bed":2,"minecraft:fall_one_cm":18242}},"DataVersion":2586}