{"stats":{"minecraft:dropped":{"minecraft:bread":26,"minecraft:wheat_seeds":2,"minecraft:stone_shovel":1,"tombstone:gift":2,"minecraft:cobblestone":114,"minecraft:granite":3,"minecraft:stick":11,"minecraft:dirt":298,"minecraft:diorite":1,"minecraft:andesite":6,"tombstone:grave_dust":4,"minecraft:wooden_sword":1,"comforts:sleeping_bag_white":1,"minecraft:sand":377,"minecraft:bow":1,"minecraft:wooden_pickaxe":1,"minecraft:iron_pickaxe":2,"minecraft:bone":3},"minecraft:mined":{"minecraft:diamond_ore":2,"minecraft:crafting_table":4,"minecraft:cornflower":1,"minecraft:granite":1,"minecraft:grass_block":147,"minecraft:tall_grass":2,"minecraft:lapis_ore":3,"minecraft:diorite":1,"minecraft:hay_block":30,"minecraft:redstone_ore":14,"minecraft:furnace":1,"minecraft:birch_log":7,"minecraft:iron_ore":61,"minecraft:birch_leaves":1,"minecraft:andesite":4,"minecraft:grass":14,"minecraft:coal_ore":35,"minecraft:sand":1303,"minecraft:dirt":107,"minecraft:stone":135,"minecraft:gold_ore":2},"minecraft:killed_by":{"minecraft:skeleton":1,"minecraft:zombie":1},"minecraft:picked_up":{"minecraft:birch_log":7,"minecraft:crafting_table":4,"minecraft:andesite":8,"minecraft:wooden_pickaxe":1,"minecraft:cornflower":1,"minecraft:lapis_lazuli":23,"minecraft:dirt":405,"tombstone:gift":1,"minecraft:bone":4,"minecraft:bow":1,"minecraft:wheat_seeds":2,"comforts:sleeping_bag_white":4,"minecraft:stone_pickaxe":1,"minecraft:iron_ingot":10,"minecraft:iron_ore":68,"minecraft:iron_pickaxe":1,"minecraft:furnace":1,"minecraft:sand":1361,"tombstone:grave_dust":4,"minecraft:diorite":1,"minecraft:redstone":63,"minecraft:gold_ore":2,"minecraft:dark_oak_planks":12,"minecraft:rotten_flesh":3,"minecraft:stone_shovel":1,"minecraft:hay_block":30,"minecraft:granite":3,"tombstone:essence_of_undeath":1,"minecraft:mutton":9,"minecraft:coal":52,"minecraft:cod":1,"minecraft:white_wool":6,"minecraft:cobblestone":162},"minecraft:used":{"minecraft:stone_shovel":1524,"minecraft:wooden_pickaxe":13,"minecraft:wooden_shovel":60,"minecraft:sand":10,"minecraft:crafting_table":7,"minecraft:bread":22,"minecraft:iron_pickaxe":254,"minecraft:wooden_sword":37,"minecraft:cobblestone":31,"alexsmobs:animal_dictionary":1,"comforts:sleeping_bag_white":3},"minecraft:killed":{"betteranimalsplus:butterfly":1,"minecraft:sheep":7,"betteranimalsplus:barracuda":1},"minecraft:crafted":{"minecraft:wooden_sword":1,"minecraft:wooden_shovel":1,"minecraft:stone_shovel":12,"minecraft:crafting_table":3,"comforts:sleeping_bag_white":2,"minecraft:birch_planks":28,"minecraft:bread":90,"minecraft:air":0,"minecraft:stick":48,"minecraft:iron_ingot":9,"minecraft:iron_pickaxe":5,"minecraft:gold_ingot":15,"minecraft:wheat":270},"minecraft:broken":{"minecraft:wooden_shovel":1,"minecraft:stone_shovel":11},"minecraft:custom":{"minecraft:interact_with_furnace":7,"minecraft:mob_kills":11,"minecraft:interact_with_crafting_table":14,"minecraft:play_one_minute":73442,"minecraft:bell_ring":2,"minecraft:leave_game":1,"minecraft:time_since_death":22257,"minecraft:sleep_in_bed":3,"minecraft:time_since_rest":20839,"minecraft:sprint_one_cm":168864,"minecraft:damage_taken":1082,"minecraft:walk_one_cm":148221,"minecraft:drop":61,"minecraft:damage_dealt":1294,"minecraft:swim_one_cm":11886,"minecraft:fly_one_cm":310200,"minecraft:open_chest":4,"minecraft:crouch_one_cm":101671,"minecraft:deaths":2,"minecraft:sneak_time":20538,"minecraft:walk_under_water_one_cm":975,"minecraft:jump":1553,"minecraft:walk_on_water_one_cm":8513,"minecraft:fall_one_cm":51904}},"DataVersion":2586}