{"stats":{"minecraft:dropped":{"minecraft:bread":26,"tombstone:gift":1,"minecraft:cobblestone":64,"minecraft:andesite":4,"comforts:sleeping_bag_white":1,"minecraft:sand":121,"minecraft:iron_pickaxe":2,"minecraft:bone":1},"minecraft:mined":{"minecraft:crafting_table":4,"minecraft:cornflower":1,"minecraft:granite":1,"minecraft:grass_block":147,"minecraft:tall_grass":2,"minecraft:lapis_ore":3,"minecraft:hay_block":30,"minecraft:redstone_ore":2,"minecraft:birch_log":7,"minecraft:iron_ore":44,"minecraft:birch_leaves":1,"minecraft:andesite":3,"minecraft:grass":14,"minecraft:coal_ore":4,"minecraft:sand":1303,"minecraft:dirt":107,"minecraft:stone":114,"minecraft:gold_ore":2},"minecraft:killed_by":{"minecraft:skeleton":1,"minecraft:zombie":1},"minecraft:picked_up":{"minecraft:birch_log":7,"minecraft:crafting_table":4,"minecraft:andesite":4,"minecraft:wooden_pickaxe":1,"minecraft:cornflower":1,"minecraft:lapis_lazuli":23,"minecraft:dirt":249,"tombstone:gift":1,"minecraft:bone":1,"minecraft:bow":1,"minecraft:wheat_seeds":2,"comforts:sleeping_bag_white":4,"minecraft:stone_pickaxe":1,"minecraft:iron_ingot":10,"minecraft:iron_ore":49,"minecraft:iron_pickaxe":1,"minecraft:sand":1297,"tombstone:grave_dust":2,"minecraft:redstone":8,"minecraft:gold_ore":2,"minecraft:dark_oak_planks":12,"minecraft:rotten_flesh":3,"minecraft:stone_shovel":1,"minecraft:hay_block":30,"minecraft:granite":1,"minecraft:mutton":9,"minecraft:coal":4,"minecraft:cod":1,"minecraft:white_wool":6,"minecraft:cobblestone":142},"minecraft:used":{"minecraft:stone_shovel":1524,"minecraft:wooden_pickaxe":13,"minecraft:wooden_shovel":60,"minecraft:sand":10,"minecraft:crafting_table":7,"minecraft:bread":16,"minecraft:iron_pickaxe":167,"minecraft:wooden_sword":37,"minecraft:cobblestone":29,"alexsmobs:animal_dictionary":1,"comforts:sleeping_bag_white":3},"minecraft:killed":{"betteranimalsplus:butterfly":1,"minecraft:sheep":7,"betteranimalsplus:barracuda":1},"minecraft:crafted":{"minecraft:wooden_sword":1,"minecraft:wooden_shovel":1,"minecraft:stone_shovel":12,"minecraft:crafting_table":3,"comforts:sleeping_bag_white":2,"minecraft:birch_planks":28,"minecraft:bread":90,"minecraft:air":0,"minecraft:stick":48,"minecraft:iron_ingot":9,"minecraft:iron_pickaxe":5,"minecraft:wheat":270},"minecraft:broken":{"minecraft:wooden_shovel":1,"minecraft:stone_shovel":11},"minecraft:custom":{"minecraft:interact_with_furnace":6,"minecraft:mob_kills":11,"minecraft:interact_with_crafting_table":14,"minecraft:play_one_minute":61442,"minecraft:bell_ring":2,"minecraft:leave_game":1,"minecraft:time_since_death":10257,"minecraft:sleep_in_bed":3,"minecraft:time_since_rest":8839,"minecraft:sprint_one_cm":116581,"minecraft:damage_taken":1042,"minecraft:walk_one_cm":127540,"minecraft:drop":35,"minecraft:damage_dealt":1254,"minecraft:swim_one_cm":10364,"minecraft:fly_one_cm":263798,"minecraft:open_chest":4,"minecraft:crouch_one_cm":97794,"minecraft:deaths":2,"minecraft:sneak_time":18768,"minecraft:walk_under_water_one_cm":751,"minecraft:jump":1198,"minecraft:walk_on_water_one_cm":3235,"minecraft:fall_one_cm":41257}},"DataVersion":2586}