{"stats":{"minecraft:killed_by":{"minecraft:player":3,"minecraft:skeleton":1,"minecraft:zombie":2},"minecraft:used":{"minecraft:diorite":13,"minecraft:flint_and_steel":5,"minecraft:stone_shovel":1524,"minecraft:chest":2,"minecraft:wooden_pickaxe":13,"minecraft:wooden_shovel":60,"minecraft:sand":10,"minecraft:crafting_table":9,"minecraft:white_bed":2,"minecraft:granite":4,"minecraft:obsidian":7,"minecraft:bread":33,"minecraft:grass_block":1,"minecraft:iron_pickaxe":472,"minecraft:wooden_sword":37,"minecraft:cobblestone":136,"minecraft:furnace":1,"minecraft:andesite":22,"alexsmobs:animal_dictionary":3,"comforts:sleeping_bag_white":3},"minecraft:killed":{"betteranimalsplus:butterfly":1,"minecraft:sheep":7,"minecraft:skeleton":2,"minecraft:zombie":2,"betteranimalsplus:barracuda":1},"minecraft:crafted":{"minecraft:wooden_sword":1,"minecraft:oak_planks":20,"minecraft:wooden_shovel":1,"minecraft:stone_shovel":12,"minecraft:crafting_table":4,"comforts:sleeping_bag_white":2,"minecraft:iron_helmet":1,"minecraft:birch_planks":28,"minecraft:bread":90,"minecraft:air":0,"minecraft:flint_and_steel":1,"minecraft:iron_chestplate":6,"minecraft:iron_boots":1,"minecraft:stick":48,"minecraft:iron_ingot":73,"minecraft:iron_pickaxe":5,"minecraft:chest":2,"minecraft:iron_leggings":1,"minecraft:gold_ingot":15,"minecraft:wheat":270},"minecraft:picked_up":{"minecraft:birch_log":7,"minecraft:iron_chestplate":5,"minecraft:crafting_table":5,"minecraft:andesite":28,"minecraft:wooden_pickaxe":1,"minecraft:flint":1,"minecraft:oak_log":5,"minecraft:cornflower":1,"minecraft:lapis_lazuli":23,"minecraft:dirt":406,"tombstone:gift":1,"minecraft:bone":8,"minecraft:bow":1,"minecraft:wheat_seeds":2,"comforts:sleeping_bag_white":4,"minecraft:iron_ore":132,"minecraft:iron_ingot":10,"minecraft:stone_pickaxe":1,"minecraft:iron_pickaxe":1,"minecraft:furnace":1,"minecraft:gravel":1,"minecraft:sand":1361,"tombstone:grave_dust":5,"minecraft:diorite":17,"minecraft:white_bed":3,"minecraft:grass_block":1,"minecraft:gold_ore":5,"minecraft:redstone":111,"minecraft:dark_oak_planks":12,"minecraft:arrow":3,"minecraft:stone_shovel":1,"minecraft:rotten_flesh":10,"minecraft:hay_block":30,"minecraft:granite":8,"tombstone:essence_of_undeath":1,"minecraft:obsidian":7,"minecraft:mutton":9,"minecraft:coal":54,"minecraft:cod":1,"minecraft:white_wool":6,"minecraft:cobblestone":275,"minecraft:ender_pearl":1},"minecraft:broken":{"minecraft:wooden_shovel":1,"minecraft:iron_pickaxe":1,"minecraft:stone_shovel":11},"minecraft:custom":{"minecraft:interact_with_furnace":20,"minecraft:mob_kills":16,"minecraft:interact_with_crafting_table":27,"minecraft:play_one_minute":120170,"minecraft:bell_ring":2,"minecraft:leave_game":6,"minecraft:time_since_death":24303,"minecraft:sleep_in_bed":5,"minecraft:time_since_rest":1,"minecraft:sprint_one_cm":241196,"minecraft:damage_taken":2793,"minecraft:walk_one_cm":269072,"tombstone:sneak_grave":1,"minecraft:drop":82,"minecraft:damage_dealt":1980,"minecraft:swim_one_cm":15510,"minecraft:fly_one_cm":352924,"minecraft:open_chest":25,"minecraft:crouch_one_cm":122758,"tombstone:undead_killed":4,"minecraft:deaths":6,"minecraft:sneak_time":27779,"minecraft:walk_under_water_one_cm":10190,"minecraft:jump":1929,"minecraft:walk_on_water_one_cm":28088,"minecraft:fall_one_cm":60858},"minecraft:dropped":{"minecraft:gravel":1,"minecraft:bread":26,"minecraft:iron_ingot":1,"minecraft:birch_planks":1,"minecraft:wheat_seeds":2,"minecraft:stone_shovel":1,"tombstone:gift":4,"minecraft:cobblestone":122,"minecraft:rotten_flesh":10,"minecraft:granite":3,"minecraft:white_bed":1,"minecraft:cod":1,"minecraft:stick":11,"minecraft:dirt":299,"minecraft:diorite":3,"minecraft:cornflower":1,"minecraft:mutton":9,"minecraft:iron_chestplate":5,"minecraft:andesite":6,"tombstone:grave_dust":5,"minecraft:wooden_sword":1,"comforts:sleeping_bag_white":1,"minecraft:sand":377,"minecraft:arrow":1,"minecraft:bow":1,"minecraft:stone_pickaxe":1,"minecraft:wooden_pickaxe":1,"minecraft:iron_pickaxe":2,"minecraft:bone":3},"minecraft:mined":{"minecraft:diamond_ore":2,"minecraft:white_bed":4,"minecraft:cornflower":1,"minecraft:crafting_table":5,"minecraft:granite":5,"minecraft:grass_block":148,"minecraft:tall_grass":2,"minecraft:cobblestone":4,"minecraft:lapis_ore":3,"minecraft:diorite":12,"minecraft:wall_torch":1,"minecraft:hay_block":30,"minecraft:redstone_ore":24,"minecraft:furnace":1,"minecraft:birch_log":7,"minecraft:iron_ore":125,"minecraft:birch_leaves":1,"minecraft:andesite":14,"minecraft:grass":14,"minecraft:coal_ore":37,"minecraft:oak_log":5,"minecraft:sand":1303,"minecraft:dirt":107,"minecraft:stone":229,"minecraft:gold_ore":5,"minecraft:oak_leaves":1}},"DataVersion":2586}