{"stats":{"minecraft:killed_by":{"minecraft:player":3,"minecraft:magma_cube":1,"minecraft:skeleton":1,"minecraft:zombie":2},"minecraft:used":{"minecraft:flint_and_steel":5,"minecraft:stone_shovel":1524,"minecraft:chest":2,"minecraft:wooden_shovel":60,"minecraft:netherrack":50,"minecraft:soul_sand":7,"minecraft:granite":4,"minecraft:obsidian":7,"minecraft:grass_block":1,"minecraft:basalt":2,"minecraft:soul_soil":5,"minecraft:furnace":1,"comforts:sleeping_bag_white":3,"minecraft:diorite":13,"minecraft:wooden_pickaxe":13,"minecraft:sand":10,"minecraft:crafting_table":9,"minecraft:white_bed":2,"minecraft:bread":56,"minecraft:iron_pickaxe":673,"minecraft:wooden_sword":37,"minecraft:cobblestone":224,"minecraft:andesite":22,"alexsmobs:animal_dictionary":3},"minecraft:killed":{"betteranimalsplus:butterfly":1,"minecraft:skeleton":4,"alexsmobs:straddler":3,"betteranimalsplus:barracuda":1,"minecraft:piglin":1,"alexsmobs:stradpole":2,"alexsmobs:crimson_mosquito":8,"minecraft:sheep":7,"minecraft:zombie":2},"minecraft:crafted":{"minecraft:wooden_sword":1,"minecraft:oak_planks":20,"minecraft:stone_shovel":12,"comforts:sleeping_bag_white":2,"minecraft:flint_and_steel":1,"minecraft:iron_boots":1,"minecraft:chest":2,"minecraft:wheat":270,"minecraft:wooden_shovel":1,"minecraft:crafting_table":4,"minecraft:iron_helmet":1,"minecraft:birch_planks":28,"minecraft:bread":90,"minecraft:air":0,"minecraft:iron_chestplate":6,"minecraft:stick":48,"minecraft:iron_ingot":73,"minecraft:iron_pickaxe":5,"minecraft:gold_ingot":15,"minecraft:iron_leggings":1},"minecraft:picked_up":{"minecraft:crafting_table":5,"minecraft:iron_chestplate":5,"minecraft:wooden_pickaxe":1,"minecraft:cornflower":1,"minecraft:soul_soil":5,"alexsmobs:blood_sac":6,"comforts:sleeping_bag_white":4,"minecraft:iron_pickaxe":1,"minecraft:furnace":1,"tombstone:grave_dust":5,"minecraft:diorite":17,"minecraft:redstone":111,"minecraft:dark_oak_planks":12,"minecraft:rotten_flesh":10,"minecraft:arrow":5,"minecraft:stone_shovel":1,"minecraft:hay_block":30,"tombstone:essence_of_undeath":1,"minecraft:mutton":9,"minecraft:obsidian":7,"minecraft:cobblestone":317,"minecraft:white_wool":6,"minecraft:cod":1,"minecraft:bone_block":42,"minecraft:birch_log":7,"minecraft:basalt":3,"minecraft:andesite":28,"minecraft:flint":1,"minecraft:oak_log":5,"minecraft:dirt":406,"minecraft:lapis_lazuli":23,"tombstone:gift":1,"minecraft:bone":8,"minecraft:bow":1,"minecraft:wheat_seeds":2,"minecraft:stone_pickaxe":1,"minecraft:iron_ingot":10,"minecraft:iron_ore":132,"minecraft:glowstone_dust":18,"minecraft:soul_sand":9,"minecraft:cooked_porkchop":3,"minecraft:quartz":22,"minecraft:gravel":1,"minecraft:sand":1361,"minecraft:white_bed":3,"minecraft:grass_block":1,"minecraft:gold_ore":5,"minecraft:granite":8,"minecraft:bread":10,"minecraft:netherrack":97,"minecraft:coal":54,"minecraft:crimson_roots":1,"minecraft:ender_pearl":1},"minecraft:broken":{"minecraft:wooden_shovel":1,"minecraft:iron_pickaxe":3,"minecraft:stone_shovel":11},"minecraft:custom":{"minecraft:mob_kills":29,"minecraft:interact_with_crafting_table":27,"minecraft:bell_ring":2,"minecraft:leave_game":6,"minecraft:time_since_death":31994,"minecraft:climb_one_cm":78,"minecraft:sprint_one_cm":318178,"minecraft:walk_one_cm":346588,"minecraft:drop":125,"minecraft:deaths":8,"minecraft:sneak_time":34182,"minecraft:walk_under_water_one_cm":10190,"minecraft:jump":2862,"minecraft:walk_on_water_one_cm":28088,"minecraft:interact_with_furnace":20,"minecraft:play_one_minute":155062,"minecraft:sleep_in_bed":5,"minecraft:time_since_rest":31588,"minecraft:damage_taken":4408,"tombstone:sneak_grave":2,"minecraft:damage_dealt":3710,"minecraft:swim_one_cm":15510,"minecraft:fly_one_cm":492960,"minecraft:open_chest":25,"minecraft:crouch_one_cm":139174,"tombstone:undead_killed":6,"minecraft:fall_one_cm":92019},"minecraft:dropped":{"minecraft:iron_ingot":1,"minecraft:bread":43,"minecraft:birch_planks":1,"minecraft:wheat_seeds":2,"minecraft:cobblestone":122,"minecraft:granite":3,"minecraft:cod":1,"minecraft:stick":11,"minecraft:dirt":299,"minecraft:diorite":3,"minecraft:cornflower":1,"minecraft:mutton":9,"tombstone:grave_dust":5,"minecraft:wooden_sword":1,"minecraft:bone_block":23,"minecraft:sand":377,"minecraft:iron_pickaxe":2,"minecraft:bone":3,"minecraft:gravel":1,"alexsmobs:animal_dictionary":1,"tombstone:gift":4,"minecraft:stone_shovel":1,"minecraft:rotten_flesh":10,"minecraft:white_bed":1,"alexsmobs:blood_sac":4,"minecraft:iron_chestplate":5,"minecraft:andesite":6,"comforts:sleeping_bag_white":1,"minecraft:wooden_pickaxe":1,"minecraft:arrow":1,"minecraft:bow":1,"minecraft:stone_pickaxe":1},"minecraft:mined":{"minecraft:diamond_ore":2,"minecraft:white_bed":4,"minecraft:granite":5,"minecraft:grass_block":148,"minecraft:crimson_roots":1,"minecraft:soul_soil":6,"minecraft:hay_block":30,"minecraft:redstone_ore":24,"minecraft:glowstone":7,"minecraft:furnace":1,"minecraft:iron_ore":125,"minecraft:andesite":14,"minecraft:stone":229,"minecraft:bone_block":44,"minecraft:soul_sand":9,"minecraft:basalt":2,"minecraft:crafting_table":5,"minecraft:cornflower":1,"minecraft:nether_quartz_ore":22,"minecraft:tall_grass":2,"minecraft:cobblestone":6,"minecraft:lapis_ore":3,"minecraft:diorite":12,"minecraft:wall_torch":1,"minecraft:birch_log":7,"minecraft:birch_leaves":1,"minecraft:grass":14,"minecraft:oak_log":5,"minecraft:coal_ore":37,"minecraft:sand":1303,"minecraft:dirt":107,"minecraft:netherrack":63,"minecraft:gold_ore":5,"minecraft:oak_leaves":1}},"DataVersion":2586}