{"stats":{"minecraft:custom":{"minecraft:mob_kills":31,"minecraft:interact_with_crafting_table":36,"minecraft:bell_ring":2,"minecraft:leave_game":8,"minecraft:time_since_death":229,"minecraft:climb_one_cm":78,"minecraft:sprint_one_cm":381049,"minecraft:walk_one_cm":419392,"minecraft:drop":127,"minecraft:deaths":15,"minecraft:sneak_time":42445,"minecraft:walk_under_water_one_cm":10190,"minecraft:jump":3549,"minecraft:walk_on_water_one_cm":30806,"minecraft:interact_with_furnace":24,"minecraft:play_one_minute":192873,"minecraft:sleep_in_bed":7,"minecraft:time_since_rest":1,"minecraft:damage_taken":6500,"tombstone:sneak_grave":2,"minecraft:damage_dealt":4034,"minecraft:swim_one_cm":15510,"minecraft:fly_one_cm":599121,"minecraft:open_chest":46,"minecraft:crouch_one_cm":164710,"tombstone:undead_killed":7,"minecraft:fall_one_cm":108194},"minecraft:dropped":{"aquaculture:iron_fillet_knife":1,"minecraft:iron_ingot":1,"minecraft:bread":43,"minecraft:birch_planks":1,"minecraft:wheat_seeds":2,"minecraft:ender_pearl":1,"minecraft:cobblestone":122,"minecraft:granite":3,"minecraft:cod":1,"minecraft:stick":11,"minecraft:dirt":299,"minecraft:diorite":3,"minecraft:cornflower":1,"minecraft:mutton":9,"tombstone:grave_dust":5,"minecraft:wooden_sword":1,"minecraft:bone_block":23,"minecraft:sand":377,"minecraft:iron_pickaxe":2,"minecraft:bone":3,"minecraft:gravel":1,"alexsmobs:animal_dictionary":1,"minecraft:stone_shovel":1,"tombstone:gift":4,"minecraft:rotten_flesh":10,"minecraft:white_bed":1,"alexsmobs:blood_sac":4,"minecraft:iron_chestplate":5,"minecraft:andesite":6,"comforts:sleeping_bag_white":1,"minecraft:wooden_pickaxe":1,"minecraft:arrow":1,"minecraft:bow":1,"minecraft:stone_pickaxe":1},"minecraft:picked_up":{"minecraft:crafting_table":6,"minecraft:iron_chestplate":5,"minecraft:wooden_pickaxe":1,"minecraft:cornflower":1,"minecraft:string":2,"minecraft:soul_soil":5,"alexsmobs:blood_sac":6,"comforts:sleeping_bag_white":4,"minecraft:iron_pickaxe":2,"minecraft:furnace":1,"tombstone:grave_dust":5,"minecraft:diorite":17,"minecraft:redstone":111,"minecraft:dark_oak_planks":12,"minecraft:rotten_flesh":12,"minecraft:arrow":5,"minecraft:stone_shovel":1,"minecraft:hay_block":30,"tombstone:essence_of_undeath":1,"minecraft:obsidian":7,"minecraft:mutton":9,"minecraft:cobblestone":317,"minecraft:bone_block":42,"minecraft:cod":1,"minecraft:white_wool":6,"minecraft:birch_log":7,"minecraft:basalt":3,"minecraft:crimson_stem":2,"minecraft:andesite":28,"minecraft:flint":1,"minecraft:oak_log":5,"minecraft:nether_wart_block":1,"minecraft:lapis_lazuli":23,"minecraft:dirt":406,"tombstone:gift":1,"minecraft:bone":8,"minecraft:bow":1,"minecraft:wheat_seeds":2,"minecraft:stone_pickaxe":1,"minecraft:iron_ingot":15,"minecraft:iron_ore":132,"minecraft:glowstone_dust":18,"minecraft:soul_sand":10,"minecraft:cooked_porkchop":3,"minecraft:quartz":22,"minecraft:gravel":2,"minecraft:sand":1361,"minecraft:white_bed":3,"minecraft:grass_block":1,"minecraft:gold_ore":5,"minecraft:granite":8,"minecraft:bread":10,"minecraft:netherrack":222,"minecraft:coal":54,"minecraft:crimson_roots":1,"minecraft:ender_pearl":1},"minecraft:mined":{"minecraft:diamond_ore":2,"minecraft:white_bed":4,"minecraft:granite":5,"minecraft:grass_block":148,"minecraft:crimson_roots":1,"minecraft:soul_soil":6,"minecraft:crimson_stem":2,"minecraft:hay_block":30,"minecraft:redstone_ore":24,"minecraft:glowstone":7,"minecraft:furnace":1,"minecraft:iron_ore":125,"minecraft:fire":4,"minecraft:andesite":14,"minecraft:stone":229,"minecraft:bone_block":44,"minecraft:soul_sand":9,"minecraft:basalt":2,"minecraft:crafting_table":6,"minecraft:cornflower":1,"minecraft:nether_quartz_ore":22,"minecraft:tall_grass":2,"minecraft:cobblestone":6,"minecraft:lapis_ore":3,"minecraft:diorite":12,"minecraft:wall_torch":1,"minecraft:birch_log":7,"minecraft:birch_leaves":1,"minecraft:grass":14,"minecraft:oak_log":5,"minecraft:coal_ore":37,"minecraft:sand":1303,"minecraft:dirt":107,"minecraft:netherrack":97,"minecraft:gold_ore":5,"minecraft:oak_leaves":1},"minecraft:killed_by":{"minecraft:ghast":1,"alexsmobs:bone_serpent":2,"minecraft:player":3,"minecraft:magma_cube":1,"minecraft:skeleton":2,"minecraft:zombie":2},"minecraft:broken":{"minecraft:wooden_shovel":1,"minecraft:iron_pickaxe":4,"minecraft:iron_helmet":1,"minecraft:stone_shovel":11},"minecraft:used":{"minecraft:flint_and_steel":32,"minecraft:stone_shovel":1524,"minecraft:chest":2,"minecraft:wooden_shovel":60,"aquaculture:iron_fillet_knife":2,"minecraft:netherrack":222,"minecraft:soul_sand":7,"minecraft:carrot":5,"minecraft:granite":4,"minecraft:obsidian":7,"minecraft:grass_block":1,"minecraft:basalt":3,"minecraft:soul_soil":5,"minecraft:furnace":1,"comforts:sleeping_bag_white":3,"minecraft:diorite":13,"minecraft:wooden_pickaxe":13,"minecraft:sand":10,"minecraft:crafting_table":9,"minecraft:white_bed":2,"minecraft:bread":57,"minecraft:iron_pickaxe":709,"minecraft:gravel":1,"minecraft:wooden_sword":37,"minecraft:cobblestone":224,"minecraft:cooked_porkchop":3,"minecraft:andesite":22,"alexsmobs:animal_dictionary":3},"minecraft:crafted":{"minecraft:wooden_sword":1,"minecraft:oak_planks":20,"minecraft:stone_shovel":12,"comforts:sleeping_bag_white":2,"minecraft:bone_meal":171,"minecraft:flint_and_steel":1,"minecraft:iron_boots":2,"minecraft:chest":2,"minecraft:wheat":270,"minecraft:crimson_planks":8,"minecraft:wooden_shovel":1,"minecraft:crafting_table":4,"minecraft:iron_helmet":2,"minecraft:iron_sword":1,"minecraft:birch_planks":28,"minecraft:air":0,"minecraft:bread":90,"minecraft:iron_chestplate":7,"minecraft:shield":1,"minecraft:stick":52,"minecraft:iron_ingot":102,"minecraft:iron_pickaxe":6,"minecraft:gold_ingot":15,"minecraft:iron_leggings":2},"minecraft:killed":{"betteranimalsplus:butterfly":1,"minecraft:skeleton":4,"alexsmobs:straddler":3,"betteranimalsplus:barracuda":1,"minecraft:piglin":1,"alexsmobs:stradpole":2,"alexsmobs:crimson_mosquito":8,"minecraft:sheep":7,"minecraft:zombie":3}},"DataVersion":2586}