{"stats":{"minecraft:dropped":{"minecraft:bread":26,"comforts:sleeping_bag_white":1},"minecraft:mined":{"minecraft:hay_block":30,"minecraft:birch_log":7,"minecraft:birch_leaves":1,"minecraft:crafting_table":3,"minecraft:cornflower":1,"minecraft:grass":14,"minecraft:grass_block":147,"minecraft:sand":1303,"minecraft:dirt":107,"minecraft:tall_grass":2,"minecraft:stone":12},"minecraft:killed_by":{"minecraft:zombie":1},"minecraft:picked_up":{"minecraft:birch_log":7,"minecraft:crafting_table":3,"minecraft:wooden_pickaxe":1,"minecraft:sand":1297,"minecraft:cornflower":1,"minecraft:dirt":249,"minecraft:bone":1,"minecraft:stone_shovel":1,"minecraft:rotten_flesh":3,"minecraft:wheat_seeds":2,"comforts:sleeping_bag_white":4,"minecraft:hay_block":30,"minecraft:iron_ingot":8,"minecraft:iron_ore":5,"minecraft:iron_pickaxe":1,"minecraft:mutton":9,"minecraft:cod":1,"minecraft:cobblestone":29,"minecraft:white_wool":6},"minecraft:used":{"minecraft:stone_shovel":1524,"minecraft:bread":10,"minecraft:wooden_pickaxe":13,"minecraft:wooden_shovel":60,"minecraft:wooden_sword":37,"minecraft:sand":10,"minecraft:crafting_table":5,"alexsmobs:animal_dictionary":1,"comforts:sleeping_bag_white":3},"minecraft:crafted":{"minecraft:wooden_sword":1,"minecraft:wooden_shovel":1,"minecraft:stone_shovel":12,"minecraft:crafting_table":2,"minecraft:iron_pickaxe":1,"minecraft:stick":32,"minecraft:iron_ingot":9,"comforts:sleeping_bag_white":2,"minecraft:birch_planks":28,"minecraft:air":0,"minecraft:bread":90,"minecraft:wheat":270},"minecraft:killed":{"minecraft:sheep":7,"betteranimalsplus:butterfly":1,"betteranimalsplus:barracuda":1},"minecraft:broken":{"minecraft:wooden_shovel":1,"minecraft:stone_shovel":11},"minecraft:custom":{"minecraft:time_since_rest":3199,"minecraft:interact_with_furnace":6,"minecraft:sprint_one_cm":94003,"minecraft:damage_taken":667,"minecraft:walk_one_cm":111591,"minecraft:mob_kills":11,"minecraft:drop":27,"minecraft:damage_dealt":1024,"minecraft:swim_one_cm":10364,"minecraft:interact_with_crafting_table":12,"minecraft:fly_one_cm":215540,"minecraft:open_chest":4,"minecraft:play_one_minute":49442,"minecraft:crouch_one_cm":84642,"minecraft:deaths":1,"minecraft:bell_ring":2,"minecraft:sneak_time":14400,"minecraft:walk_under_water_one_cm":751,"minecraft:jump":968,"minecraft:leave_game":1,"minecraft:time_since_death":4930,"minecraft:walk_on_water_one_cm":938,"minecraft:sleep_in_bed":3,"minecraft:fall_one_cm":34495}},"DataVersion":2586}