{"stats":{"minecraft:custom":{"minecraft:jump":53,"minecraft:time_since_rest":320,"minecraft:leave_game":1,"minecraft:crouch_one_cm":195,"minecraft:play_one_minute":2109,"minecraft:deaths":1,"minecraft:damage_taken":240,"minecraft:sprint_one_cm":6134,"minecraft:walk_on_water_one_cm":477,"minecraft:time_since_death":0,"minecraft:walk_one_cm":917,"minecraft:sneak_time":497,"minecraft:walk_under_water_one_cm":912,"minecraft:swim_one_cm":768,"minecraft:fall_one_cm":2351,"minecraft:fly_one_cm":14196}},"DataVersion":2586}