{"stats":{"minecraft:used":{"minecraft:stone_shovel":42,"minecraft:bread":11,"minecraft:iron_pickaxe":8,"minecraft:stone_axe":83,"minecraft:diamond_sword":14,"minecraft:dirt":65,"minecraft:cobblestone":1,"minecraft:crafting_table":1,"alexsmobs:animal_dictionary":2},"minecraft:mined":{"minecraft:birch_log":5,"minecraft:grass":3,"minecraft:grass_block":37,"minecraft:oak_log":63,"minecraft:rose_bush":3,"minecraft:dirt":9,"minecraft:oak_leaves":68},"minecraft:killed_by":{"minecraft:player":1},"minecraft:killed":{"minecraft:zombie":1},"minecraft:picked_up":{"minecraft:birch_log":5,"minecraft:stick":5,"minecraft:leather":2,"minecraft:diamond_sword":1,"minecraft:oak_log":63,"minecraft:grass_block":1,"minecraft:dirt":65,"minecraft:apple":2,"minecraft:rotten_flesh":7,"minecraft:wheat_seeds":14,"minecraft:cooked_chicken":1,"minecraft:rose_bush":3,"minecraft:bread":21,"minecraft:iron_pickaxe":1,"minecraft:oak_sapling":10,"minecraft:cobblestone":128,"minecraft:egg":1},"minecraft:custom":{"minecraft:time_since_rest":15562,"minecraft:sprint_one_cm":52514,"minecraft:damage_taken":860,"minecraft:walk_one_cm":72227,"minecraft:mob_kills":1,"minecraft:damage_dealt":412,"minecraft:swim_one_cm":16557,"minecraft:interact_with_crafting_table":3,"minecraft:fly_one_cm":36043,"minecraft:open_chest":1,"minecraft:crouch_one_cm":1313,"minecraft:play_one_minute":29532,"tombstone:undead_killed":1,"minecraft:deaths":1,"minecraft:sneak_time":511,"minecraft:walk_under_water_one_cm":1667,"minecraft:jump":241,"minecraft:walk_on_water_one_cm":10430,"minecraft:time_since_death":17961,"minecraft:sleep_in_bed":1,"minecraft:fall_one_cm":1331},"minecraft:crafted":{"minecraft:oak_planks":124,"minecraft:stone_shovel":1,"minecraft:crafting_table":1,"minecraft:stick":4,"minecraft:stone_axe":1}},"DataVersion":2586}