{"stats":{"minecraft:used":{"minecraft:dirt":9,"minecraft:cobblestone":1,"minecraft:bread":7,"alexsmobs:animal_dictionary":2},"minecraft:mined":{"minecraft:grass_block":14,"minecraft:dirt":6},"minecraft:killed_by":{"minecraft:player":1},"minecraft:picked_up":{"minecraft:rotten_flesh":5,"minecraft:leather":2,"minecraft:wheat_seeds":14,"minecraft:diamond_sword":1,"minecraft:cooked_chicken":1,"minecraft:bread":21,"minecraft:iron_pickaxe":1,"minecraft:grass_block":1,"minecraft:dirt":20,"minecraft:cobblestone":128},"minecraft:custom":{"minecraft:open_chest":1,"minecraft:time_since_rest":3562,"minecraft:play_one_minute":17532,"minecraft:crouch_one_cm":702,"minecraft:sprint_one_cm":34216,"minecraft:deaths":1,"minecraft:damage_taken":660,"minecraft:walk_one_cm":36129,"minecraft:sneak_time":112,"minecraft:walk_under_water_one_cm":1045,"minecraft:jump":149,"minecraft:damage_dealt":16,"minecraft:time_since_death":5961,"minecraft:walk_on_water_one_cm":5040,"minecraft:sleep_in_bed":1,"minecraft:swim_one_cm":6897,"minecraft:fall_one_cm":646,"minecraft:fly_one_cm":27134}},"DataVersion":2586}