{"stats":{"minecraft:broken":{"minecraft:stone_pickaxe":1,"minecraft:stone_axe":1,"minecraft:golden_pickaxe":1},"minecraft:dropped":{"minecraft:oak_slab":2,"minecraft:lilac":1,"minecraft:crafting_table":1,"minecraft:cobblestone":4,"minecraft:leather":1,"minecraft:grass_block":1,"minecraft:stick":8,"minecraft:dirt":9,"minecraft:redstone_lamp":2,"minecraft:orange_carpet":1,"minecraft:wooden_axe":1,"minecraft:oak_stairs":1,"minecraft:spruce_sapling":1,"minecraft:stone_axe":1,"minecraft:white_carpet":4,"minecraft:rotten_flesh":5,"minecraft:oak_planks":2,"sophisticatedbackpacks:backpack":1,"minecraft:golden_shovel":1,"minecraft:flint_and_steel":2,"minecraft:spruce_planks":1,"minecraft:golden_leggings":1,"minecraft:oak_sapling":1,"minecraft:redstone_torch":1,"minecraft:spruce_slab":2,"minecraft:stripped_crimson_hyphae":1,"minecraft:arrow":12,"minecraft:beef":2,"minecraft:stone_pickaxe":1},"minecraft:used":{"minecraft:flint_and_steel":43,"tombstone:scroll_of_frost_resistance":5,"minecraft:poppy":1,"minecraft:spruce_planks":8,"minecraft:iron_sword":339,"minecraft:player_head":1,"minecraft:netherrack":4,"aquaculture:bluegill":1,"betteranimalsplus:turkey_cooked":16,"paraglider:goddess_statue":1,"minecraft:dirt":12,"minecraft:spruce_stairs":2,"minecraft:granite":3,"minecraft:obsidian":7,"minecraft:stripped_spruce_log":1,"aquaculture:red_grouper":1,"minecraft:iron_hoe":27,"minecraft:wooden_axe":8,"minecraft:lava_bucket":14,"paraglider:goron_goddess_statue":1,"minecraft:light_gray_wool":5,"minecraft:basalt":20,"minecraft:furnace":4,"tombstone:gift":8,"minecraft:egg":1,"minecraft:cooked_beef":1,"minecraft:acacia_planks":16,"minecraft:water_bucket":12,"minecraft:diorite":3,"minecraft:baked_potato":14,"minecraft:oak_planks":153,"minecraft:stone_pickaxe":131,"minecraft:wooden_pickaxe":37,"minecraft:cut_sandstone":6,"minecraft:crafting_table":14,"minecraft:white_bed":3,"tombstone:bag_of_seeds":2,"minecraft:oak_log":3,"minecraft:diamond_pickaxe":10,"minecraft:apple":1,"minecraft:crying_obsidian":2,"minecraft:bread":50,"minecraft:cyan_bed":2,"minecraft:iron_pickaxe":166,"paraglider:kakariko_goddess_statue":10,"minecraft:stone_axe":149,"minecraft:cobblestone":96,"minecraft:cooked_porkchop":9,"minecraft:bucket":27,"aquaculture:atlantic_cod":1,"minecraft:oak_boat":2,"alexsmobs:animal_dictionary":3,"minecraft:golden_pickaxe":32},"minecraft:mined":{"create:zinc_ore":32,"minecraft:crying_obsidian":2,"minecraft:stone_pressure_plate":1,"minecraft:white_bed":3,"minecraft:brewing_stand":1,"minecraft:warped_stairs":1,"minecraft:obsidian":7,"minecraft:granite":3,"paraglider:goron_goddess_statue":1,"minecraft:stripped_crimson_hyphae":1,"minecraft:grass_block":3,"minecraft:spruce_leaves":3,"minecraft:spawner":13,"minecraft:large_fern":2,"minecraft:hay_block":32,"minecraft:furnace":3,"minecraft:iron_ore":14,"minecraft:fire":26,"minecraft:acacia_wood":4,"minecraft:stripped_spruce_log":2,"create:copper_ore":33,"minecraft:gold_block":1,"minecraft:bell":1,"minecraft:bookshelf":8,"minecraft:oak_stairs":1,"minecraft:packed_ice":2,"minecraft:bamboo":3,"minecraft:stone":127,"minecraft:player_head":1,"minecraft:spruce_slab":3,"minecraft:tripwire":3,"minecraft:oak_slab":3,"minecraft:cut_sandstone":6,"minecraft:red_bed":1,"minecraft:orange_terracotta":1,"minecraft:basalt":20,"minecraft:chiseled_quartz_block":1,"minecraft:crafting_table":8,"minecraft:blast_furnace":2,"minecraft:warped_roots":1,"minecraft:rose_bush":1,"minecraft:mushroom_stem":1,"minecraft:glass":2,"minecraft:cobblestone":8,"minecraft:cyan_bed":2,"minecraft:lily_pad":1,"minecraft:oak_planks":3,"minecraft:sugar_cane":71,"minecraft:diorite":3,"minecraft:blue_bed":1,"minecraft:spruce_stairs":3,"minecraft:gray_wool":5,"minecraft:blue_terracotta":1,"minecraft:light_gray_stained_glass":4,"minecraft:ice":2,"minecraft:spruce_log":5,"paraglider:kakariko_goddess_statue":10,"minecraft:light_gray_wool":6,"minecraft:tnt":9,"minecraft:grass":16,"minecraft:oak_log":53,"minecraft:coal_ore":62,"minecraft:gravel":1,"minecraft:dirt":33,"minecraft:tripwire_hook":1,"minecraft:netherrack":4,"minecraft:oak_leaves":11,"minecraft:warped_slab":1,"minecraft:fern":3,"minecraft:redstone_lamp":1,"paraglider:goddess_statue":3,"betteranimalsplus:turkey_cooked":1},"minecraft:custom":{"minecraft:mob_kills":72,"minecraft:interact_with_crafting_table":21,"minecraft:open_barrel":31,"minecraft:bell_ring":1,"minecraft:leave_game":10,"minecraft:time_since_death":81495,"minecraft:climb_one_cm":26653,"minecraft:sprint_one_cm":697991,"minecraft:walk_one_cm":765915,"minecraft:drop":47,"minecraft:talked_to_villager":2,"minecraft:deaths":25,"minecraft:sneak_time":19145,"minecraft:walk_under_water_one_cm":25271,"minecraft:boat_one_cm":180895,"minecraft:interact_with_brewingstand":3,"minecraft:jump":6351,"minecraft:walk_on_water_one_cm":52720,"minecraft:interact_with_furnace":21,"tombstone:raider_killed":14,"minecraft:play_one_minute":465416,"minecraft:sleep_in_bed":8,"minecraft:time_since_rest":19940,"minecraft:damage_taken":11756,"minecraft:damage_dealt":14626,"tombstone:cast_on_ally":0,"minecraft:swim_one_cm":48671,"minecraft:fly_one_cm":1338277,"minecraft:open_chest":52,"minecraft:crouch_one_cm":33817,"tombstone:undead_killed":26,"minecraft:fall_one_cm":168876},"minecraft:picked_up":{"minecraft:crafting_table":8,"minecraft:chicken":4,"minecraft:redstone_lamp":2,"minecraft:oak_stairs":1,"minecraft:gold_block":1,"minecraft:brewing_stand":1,"minecraft:string":5,"paraglider:goddess_statue":3,"minecraft:white_carpet":4,"alexsmobs:dropbear_claw":1,"minecraft:beef":3,"minecraft:warped_slab":1,"minecraft:oak_boat":2,"minecraft:redstone_torch":1,"create:zinc_ore":32,"minecraft:player_head":1,"minecraft:poppy":2,"minecraft:light_gray_wool":5,"minecraft:spruce_slab":3,"minecraft:sugar_cane":159,"minecraft:furnace":3,"minecraft:egg":1,"minecraft:stick":2,"minecraft:stripped_crimson_hyphae":1,"minecraft:torch":1,"minecraft:spruce_stairs":2,"paraglider:kakariko_goddess_statue":11,"sophisticatedbackpacks:backpack":1,"minecraft:porkchop":6,"minecraft:carrot":1,"minecraft:diorite":3,"betteranimalsplus:turkey_raw":2,"minecraft:stone_pressure_plate":1,"minecraft:tnt":9,"minecraft:arrow":12,"minecraft:rotten_flesh":10,"minecraft:hay_block":32,"minecraft:obsidian":7,"minecraft:snowball":16,"minecraft:cobblestone":135,"paraglider:goron_goddess_statue":1,"minecraft:basalt":20,"minecraft:feather":10,"minecraft:lilac":1,"minecraft:tripwire_hook":1,"minecraft:cut_sandstone":6,"minecraft:orange_carpet":1,"minecraft:leather":1,"minecraft:chiseled_quartz_block":1,"minecraft:acacia_wood":3,"paraglider:spirit_orb":26,"minecraft:flint":1,"minecraft:oak_log":52,"minecraft:dirt":46,"minecraft:orange_terracotta":1,"minecraft:bone":12,"create:copper_ore":33,"minecraft:wheat_seeds":1,"minecraft:bell":1,"minecraft:iron_ingot":5,"minecraft:stone_pickaxe":1,"minecraft:iron_ore":14,"minecraft:bamboo":28,"minecraft:oak_planks":4,"minecraft:book":24,"minecraft:oak_slab":2,"minecraft:spruce_sapling":1,"minecraft:stripped_spruce_log":1,"betteranimalsplus:turkey_cooked":14,"minecraft:grass_block":1,"minecraft:blast_furnace":2,"minecraft:spruce_log":5,"minecraft:white_bed":3,"minecraft:cyan_bed":2,"minecraft:crying_obsidian":2,"minecraft:blue_terracotta":1,"minecraft:stone_axe":1,"minecraft:granite":3,"minecraft:gray_wool":5,"minecraft:emerald":3,"tombstone:magic_scroll":1,"minecraft:coal":68,"minecraft:oak_sapling":1,"minecraft:netherrack":4,"minecraft:ender_pearl":1},"minecraft:crafted":{"minecraft:oak_planks":200,"create:copper_ingot":30,"paraglider:kakariko_goddess_statue":1,"minecraft:furnace":2,"minecraft:flint_and_steel":1,"tombstone:grave_key":1,"minecraft:iron_hoe":1,"minecraft:stone_pickaxe":1,"minecraft:wheat":54,"minecraft:cooked_beef":1,"minecraft:cooked_porkchop":9,"minecraft:crafting_table":7,"minecraft:spruce_planks":20,"minecraft:wooden_pickaxe":1,"minecraft:iron_helmet":1,"minecraft:iron_sword":1,"betteranimalsplus:turkey_cooked":2,"minecraft:bucket":1,"minecraft:stone_axe":2,"minecraft:bread":19,"minecraft:air":0,"minecraft:oak_boat":1,"minecraft:iron_chestplate":1,"minecraft:diamond_pickaxe":1,"minecraft:stick":32,"minecraft:iron_ingot":3,"minecraft:iron_pickaxe":1,"minecraft:wooden_axe":1,"minecraft:gold_ingot":9,"minecraft:iron_leggings":1,"minecraft:acacia_planks":16,"paraglider:goron_goddess_statue":1},"minecraft:killed":{"alexsmobs:dropbear":1,"betteranimalsplus:turkey":2,"minecraft:vindicator":6,"minecraft:spider":2,"betteranimalsplus:butterfly":1,"alexsmobs:tasmanian_devil":1,"minecraft:skeleton":21,"minecraft:chicken":4,"minecraft:piglin_brute":2,"minecraft:magma_cube":1,"minecraft:piglin":1,"minecraft:pig":4,"alexsmobs:grizzly_bear":1,"minecraft:iron_golem":1,"betteranimalsplus:feralwolf":1,"minecraft:pillager":8,"minecraft:zombie":5,"minecraft:cow":3,"minecraft:enderman":2},"minecraft:killed_by":{"minecraft:player":2,"minecraft:piglin_brute":5,"minecraft:creeper":1,"minecraft:enderman":2,"minecraft:magma_cube":1,"minecraft:skeleton":5,"minecraft:zombie":2}},"DataVersion":2586}