{"stats":{"minecraft:crafted":{"tombstone:grave_key":1,"minecraft:crafting_table":1,"minecraft:spruce_planks":28},"minecraft:killed":{"betteranimalsplus:goat":1},"minecraft:dropped":{"minecraft:wheat_seeds":1},"minecraft:custom":{"minecraft:time_since_rest":4100,"minecraft:sprint_one_cm":68785,"minecraft:damage_taken":1126,"minecraft:walk_one_cm":72805,"minecraft:mob_kills":1,"minecraft:drop":1,"minecraft:damage_dealt":647,"minecraft:swim_one_cm":1173,"minecraft:interact_with_crafting_table":1,"minecraft:player_kills":1,"minecraft:fly_one_cm":204460,"minecraft:open_chest":1,"minecraft:crouch_one_cm":275,"minecraft:play_one_minute":29624,"minecraft:deaths":3,"minecraft:sneak_time":87,"minecraft:walk_under_water_one_cm":132,"minecraft:jump":961,"minecraft:leave_game":2,"minecraft:walk_on_water_one_cm":1708,"minecraft:time_since_death":4836,"minecraft:fall_one_cm":25826},"minecraft:killed_by":{"minecraft:player":3},"minecraft:used":{"minecraft:oak_log":3,"minecraft:bread":3,"minecraft:spruce_planks":2,"tombstone:grave_key":4,"minecraft:dirt":12,"minecraft:mutton":1,"minecraft:purple_bed":1,"minecraft:sweet_berries":9,"minecraft:crafting_table":1,"minecraft:oak_sapling":1,"tombstone:gift":2,"alexsmobs:animal_dictionary":8,"minecraft:egg":3,"minecraft:spruce_log":1},"minecraft:mined":{"minecraft:large_fern":2,"minecraft:purple_bed":1,"minecraft:spruce_planks":2,"minecraft:glass_pane":1,"minecraft:sweet_berry_bush":2,"minecraft:torch":1,"minecraft:grass":28,"minecraft:grass_block":6,"minecraft:oak_log":3,"minecraft:dirt":6,"minecraft:tall_grass":1,"minecraft:oxeye_daisy":1,"minecraft:oak_leaves":4},"minecraft:picked_up":{"minecraft:sweet_berries":6,"minecraft:oak_log":3,"minecraft:dirt":12,"minecraft:purple_bed":1,"minecraft:wheat_seeds":2,"minecraft:spruce_planks":24,"minecraft:oak_sapling":1,"minecraft:mutton":3,"minecraft:ender_pearl":1,"minecraft:egg":3}},"DataVersion":2586}