{"stats":{"minecraft:used":{"betteranimalsplus:calamari_cooked":1,"minecraft:spruce_slab":19,"minecraft:ladder":8,"minecraft:chest":30,"minecraft:stone":6,"minecraft:rotten_flesh":39,"betteranimalsplus:pheasantcooked":4,"pizzacraft:corn":9,"betteranimalsplus:deerhead_2":2,"minecraft:lava_bucket":6,"betteranimalsplus:eel_meat_cooked":3,"pizzacraft:tomato":2,"minecraft:bow":9,"minecraft:sweet_berries":30,"minecraft:oak_sapling":5,"minecraft:furnace":25,"minecraft:cooked_cod":12,"minecraft:egg":1,"minecraft:potato":9,"minecraft:diorite":3,"aquaculture:atlantic_herring":2,"minecraft:blackstone_stairs":6,"minecraft:blackstone":4,"minecraft:wooden_pickaxe":38,"minecraft:oak_leaves":134,"minecraft:sand":119,"minecraft:blast_furnace":4,"minecraft:lectern":1,"minecraft:oak_pressure_plate":3,"pizzacraft:broccoli_seeds":4,"minecraft:diamond_sword":215,"minecraft:wooden_sword":74,"minecraft:smithing_table":2,"minecraft:oak_boat":3,"minecraft:oak_trapdoor":9,"minecraft:iron_bars":8,"minecraft:enchanting_table":2,"minecraft:stone_sword":23,"minecraft:armor_stand":7,"betteranimalsplus:feralwolfhead_timber":2,"minecraft:netherrack":1,"minecraft:torch":72,"minecraft:anvil":2,"minecraft:stone_stairs":4,"farmersdelight:beef_patty":9,"minecraft:iron_axe":1706,"minecraft:spruce_button":4,"carryon:entity_item":17,"minecraft:barrel":10,"elevatorid:elevator_red":3,"minecraft:melon_seeds":1,"minecraft:basalt":60,"minecraft:glowstone":25,"minecraft:iron_trapdoor":11,"create:dolomite_cobblestone":7,"tombstone:gift":11,"comforts:sleeping_bag_white":14,"betteranimalsplus:venisoncooked":17,"farmersdelight:iron_knife":13,"minecraft:wheat_seeds":157,"minecraft:water_bucket":9,"tombstone:scroll_of_reach":1,"pizzacraft:cucumber_seeds":2,"minecraft:crafting_table":21,"minecraft:oak_slab":57,"minecraft:white_bed":9,"minecraft:campfire":5,"minecraft:spruce_log":21,"pizzacraft:pineapple_seeds":3,"minecraft:oak_log":301,"minecraft:diamond_pickaxe":859,"minecraft:oak_button":2,"minecraft:iron_pickaxe":871,"tombstone:magic_scroll":13,"minecraft:cobblestone":431,"minecraft:cooked_porkchop":41,"minecraft:stripped_oak_log":40,"minecraft:dandelion":3,"minecraft:iron_shovel":1394,"minecraft:oak_sign":5,"minecraft:shield":320,"minecraft:iron_sword":1208,"betteranimalsplus:turkey_egg":2,"tombstone:scroll_of_purification":1,"paraglider:goddess_statue":11,"minecraft:mutton":11,"minecraft:carrot":41,"minecraft:obsidian":11,"minecraft:glass":164,"alexsmobs:lobster_tail":1,"minecraft:lantern":11,"alexsmobs:cooked_lobster_tail":2,"minecraft:stone_bricks":8,"minecraft:item_frame":3,"carryon:tile_item":8,"farmersdelight:cutting_board":1,"minecraft:hay_block":2,"pizzacraft:red_pizza_bag":3,"create:mechanical_drill":5,"minecraft:gold_block":2,"aquaculture:fish_fillet_cooked":2,"minecraft:large_fern":1,"minecraft:stone_pickaxe":182,"minecraft:oak_planks":866,"minecraft:sugar_cane":26,"minecraft:white_wool":7,"minecraft:crossbow":2,"minecraft:note_block":2,"minecraft:shears":159,"minecraft:lever":4,"minecraft:dark_oak_log":12,"minecraft:heavy_weighted_pressure_plate":3,"minecraft:bread":81,"farmersdelight:cooked_chicken_cuts":2,"paraglider:kakariko_goddess_statue":1,"minecraft:gravel":2,"minecraft:blackstone_slab":9,"alexsmobs:cooked_moose_ribs":2,"minecraft:cooked_rabbit":1,"minecraft:andesite":2,"minecraft:chain":2,"minecraft:smooth_stone_slab":11,"betteranimalsplus:boarhead_light_brown":1,"minecraft:coarse_dirt":1,"minecraft:bone_meal":29,"minecraft:experience_bottle":5,"pizzacraft:tomato_seeds":6,"minecraft:oak_fence":59,"pizzacraft:onion":2,"minecraft:flint_and_steel":1,"minecraft:dried_kelp":17,"minecraft:spruce_planks":146,"minecraft:wooden_shovel":86,"minecraft:cooked_chicken":5,"aquaculture:iron_fillet_knife":10,"minecraft:oak_door":1,"minecraft:dirt":325,"minecraft:white_carpet":50,"betteranimalsplus:turkey_leg_cooked":9,"minecraft:granite":5,"minecraft:iron_hoe":92,"alexsmobs:maggot":1,"minecraft:bookshelf":15,"minecraft:oak_stairs":32,"paraglider:goron_goddess_statue":2,"paraglider:rito_goddess_statue":1,"torchmaster:feral_flare_lantern":2,"minecraft:golden_carrot":8,"farmersdelight:cooked_mutton_chops":4,"minecraft:cooked_beef":4,"create:copper_ore":23,"minecraft:cooked_mutton":18,"minecraft:cobblestone_stairs":3,"minecraft:baked_potato":1,"betteranimalsplus:pheasant_egg":1,"securitycraft:iron_mine":1,"minecraft:polished_blackstone_pressure_plate":3,"minecraft:painting":8,"minecraft:smoker":4,"minecraft:piston":13,"minecraft:apple":14,"minecraft:chicken":1,"minecraft:bucket":16,"alexsmobs:animal_dictionary":1,"minecraft:gray_wool":1,"minecraft:smooth_stone":59,"minecraft:birch_stairs":4},"minecraft:killed":{"betteranimalsplus:coyote":1,"alexsmobs:lobster":8,"aquaculture:red_grouper":1,"minecraft:cod":8,"aquaculture:smallmouth_bass":1,"minecraft:skeleton":62,"betteranimalsplus:octopus":3,"minecraft:chicken":8,"betteranimalsplus:goose":1,"betteranimalsplus:deer":5,"alexsmobs:straddler":7,"alexsmobs:centipede_head":2,"minecraft:magma_cube":33,"minecraft:iron_golem":1,"betteranimalsplus:pheasant":2,"minecraft:pillager":39,"minecraft:zombie":126,"betteranimalsplus:reindeer":7,"minecraft:cow":9,"alexsmobs:raccoon":5,"minecraft:vindicator":2,"betteranimalsplus:butterfly":2,"minecraft:horse":1,"betteranimalsplus:eel_saltwater":7,"minecraft:wandering_trader":2,"alexsmobs:crocodile":1,"minecraft:enderman":3,"betteranimalsplus:turkey":9,"minecraft:spider":23,"minecraft:silverfish":2,"aquaculture:perch":1,"aquaculture:atlantic_herring":8,"betteranimalsplus:goat":6,"minecraft:pig":6,"minecraft:zombie_villager":1,"minecraft:creeper":5,"minecraft:sheep":12,"minecraft:trader_llama":3,"minecraft:stray":5,"alexsmobs:fly":4,"betteranimalsplus:nautilus":1,"betteranimalsplus:boar":10,"minecraft:phantom":1,"minecraft:llama":1,"minecraft:drowned":9,"betteranimalsplus:bobbit_worm":1,"betteranimalsplus:shark":2,"betteranimalsplus:badger":2,"betteranimalsplus:brownbear":1,"aquaculture:jellyfish":1,"betteranimalsplus:feralwolf":3,"alexsmobs:cockroach":1,"alexsmobs:moose":6,"alexsmobs:crow":1},"minecraft:killed_by":{"betteranimalsplus:octopus":1,"betteranimalsplus:shark":1,"alexsmobs:centipede_head":1,"minecraft:witch":1,"minecraft:player":5,"betteranimalsplus:boar":1,"minecraft:skeleton":3},"minecraft:mined":{"minecraft:blackstone_stairs":2,"minecraft:white_bed":7,"create:dolomite":7,"minecraft:obsidian":11,"minecraft:granite":21,"paraglider:goron_goddess_statue":1,"minecraft:oak_pressure_plate":3,"pizzacraft:tomatoes":4,"minecraft:coal_block":8,"torchmaster:feral_flare_lantern":2,"minecraft:oak_wall_sign":5,"minecraft:chiseled_stone_bricks":1,"minecraft:tall_seagrass":8,"minecraft:fire":2,"minecraft:barrel":1,"pizzacraft:broccoli":3,"minecraft:enchanting_table":1,"minecraft:oak_stairs":14,"minecraft:kelp_plant":48,"minecraft:smoker":3,"minecraft:torch":21,"minecraft:note_block":2,"minecraft:blast_furnace":3,"minecraft:melon":2,"minecraft:glass":49,"minecraft:sugar_cane":14,"minecraft:damaged_anvil":2,"minecraft:skeleton_skull":3,"minecraft:white_terracotta":2,"minecraft:chain":2,"minecraft:wheat":114,"minecraft:lilac":1,"pizzacraft:corns":2,"minecraft:stone_brick_stairs":1,"create:weathered_limestone":2,"minecraft:grass":161,"minecraft:piston":20,"create:zinc_ore":16,"minecraft:mossy_cobblestone":1,"minecraft:dark_oak_log":4,"minecraft:spruce_fence":3,"minecraft:cartography_table":1,"minecraft:kelp":4,"minecraft:redstone_ore":11,"betteranimalsplus:boarhead_light_brown":1,"minecraft:andesite":22,"minecraft:rail":12,"minecraft:white_wool":6,"minecraft:potted_allium":1,"minecraft:smithing_table":2,"minecraft:oak_slab":19,"minecraft:glass_pane":2,"pizzacraft:pineapple":2,"minecraft:dandelion":4,"minecraft:cornflower":1,"pizzacraft:red_pizza_bag":2,"minecraft:campfire":11,"minecraft:tall_grass":38,"minecraft:diorite":53,"minecraft:purple_bed":1,"minecraft:coarse_dirt":1,"minecraft:stripped_spruce_wood":7,"minecraft:spruce_log":44,"minecraft:white_carpet":19,"minecraft:birch_leaves":5,"minecraft:purple_concrete":13,"create:mechanical_drill":4,"minecraft:gravel":24,"elevatorid:elevator_red":3,"minecraft:oak_button":2,"minecraft:stone_bricks":18,"minecraft:gold_ore":31,"minecraft:iron_trapdoor":8,"minecraft:fern":6,"minecraft:oak_sapling":1,"minecraft:spruce_planks":58,"minecraft:farmland":8,"minecraft:grass_block":340,"minecraft:polished_blackstone_pressure_plate":1,"comforts:sleeping_bag_white":1,"minecraft:smooth_stone":30,"minecraft:glowstone":47,"minecraft:iron_ore":141,"create:copper_ore":22,"minecraft:anvil":1,"minecraft:dark_oak_stairs":1,"minecraft:iron_bars":11,"minecraft:spruce_slab":7,"minecraft:blackstone":23,"minecraft:poppy":7,"minecraft:chest":11,"minecraft:nether_quartz_ore":6,"minecraft:cobblestone":84,"minecraft:grindstone":1,"minecraft:oak_planks":150,"minecraft:wall_torch":17,"minecraft:seagrass":6,"minecraft:dark_oak_slab":1,"minecraft:smooth_stone_slab":5,"minecraft:oak_log":841,"pizzacraft:cucumbers":1,"minecraft:sand":538,"minecraft:dirt":713,"minecraft:netherrack":2,"minecraft:oak_leaves":302,"minecraft:diamond_ore":23,"minecraft:crying_obsidian":1,"minecraft:oak_door":2,"create:natural_scoria":18,"minecraft:lever":4,"minecraft:ladder":5,"minecraft:spruce_leaves":22,"minecraft:sandstone":12,"minecraft:large_fern":21,"minecraft:hay_block":26,"minecraft:oak_trapdoor":5,"minecraft:furnace":22,"minecraft:carrots":6,"minecraft:gold_block":1,"minecraft:bell":1,"minecraft:bookshelf":18,"minecraft:lantern":5,"minecraft:stripped_oak_log":49,"minecraft:stone":876,"betteranimalsplus:feralwolfhead_timber":1,"minecraft:snow_block":10,"minecraft:basalt":59,"minecraft:oak_fence":1,"minecraft:crafting_table":12,"minecraft:purple_wall_banner":1,"minecraft:blackstone_slab":3,"minecraft:lectern":1,"minecraft:lapis_ore":9,"minecraft:gray_wool":1,"minecraft:sweet_berry_bush":50,"minecraft:grass_path":2,"minecraft:coal_ore":132,"minecraft:mossy_stone_bricks":1,"paraglider:goddess_statue":13},"minecraft:broken":{"minecraft:wooden_shovel":1,"minecraft:iron_boots":1,"minecraft:wooden_sword":1,"minecraft:shield":2,"minecraft:iron_axe":6,"minecraft:iron_pickaxe":1,"minecraft:iron_helmet":2,"minecraft:iron_shovel":4,"minecraft:stone_pickaxe":2},"minecraft:custom":{"minecraft:interact_with_crafting_table":327,"minecraft:open_barrel":668,"minecraft:leave_game":16,"minecraft:time_since_death":10041,"minecraft:damage_blocked_by_shield":7747,"minecraft:deaths":18,"tombstone:tomb_raiding":1,"minecraft:jump":18525,"minecraft:enchant_item":10,"minecraft:interact_with_furnace":366,"minecraft:interact_with_cartography_table":1,"minecraft:sleep_in_bed":29,"minecraft:damage_dealt":84336,"tombstone:undead_killed":204,"minecraft:interact_with_smoker":93,"minecraft:horse_one_cm":295683,"minecraft:interact_with_smithing_table":8,"minecraft:interact_with_anvil":21,"minecraft:damage_dealt_absorbed":160,"minecraft:sneak_time":71381,"minecraft:interact_with_blast_furnace":84,"tombstone:raider_killed":51,"minecraft:time_since_rest":776,"tombstone:cast_on_ally":2,"minecraft:swim_one_cm":787618,"minecraft:fly_one_cm":3993828,"minecraft:open_chest":588,"minecraft:fall_one_cm":571889,"minecraft:animals_bred":1,"minecraft:sprint_one_cm":2346416,"minecraft:drop":320,"minecraft:play_noteblock":4,"minecraft:talked_to_villager":10,"minecraft:walk_on_water_one_cm":230290,"minecraft:play_one_minute":1299601,"minecraft:player_kills":13,"minecraft:crouch_one_cm":253807,"tombstone:villager_killed":2,"minecraft:mob_kills":486,"minecraft:interact_with_campfire":4,"minecraft:climb_one_cm":20229,"minecraft:walk_one_cm":2326289,"minecraft:walk_under_water_one_cm":136339,"minecraft:boat_one_cm":325658,"minecraft:interact_with_grindstone":1,"minecraft:damage_taken":29175},"minecraft:dropped":{"sophisticatedbackpacks:iron_backpack":2,"minecraft:iron_sword":5,"minecraft:dark_oak_slab":2,"minecraft:leather_helmet":1,"minecraft:dirt":766,"minecraft:large_fern":1,"betteranimalsplus:bear_skin_brown":1,"minecraft:bone_meal":3,"minecraft:bone_block":1,"minecraft:sand":235,"alexsmobs:raccoon_tail":3,"minecraft:white_wool":9,"minecraft:bone":47,"minecraft:lever":1,"alexsmobs:animal_dictionary":2,"minecraft:wheat":2,"camera:image":2,"minecraft:rotten_flesh":55,"minecraft:oak_planks":15,"minecraft:glowstone_dust":1,"create:scoria":18,"minecraft:charcoal":6,"camera:camera":1,"minecraft:crying_obsidian":1,"minecraft:cartography_table":1,"minecraft:egg":2,"minecraft:iron_ingot":10,"minecraft:wheat_seeds":20,"minecraft:golden_horse_armor":1,"minecraft:oak_fence":2,"minecraft:iron_helmet":1,"minecraft:feather":11,"minecraft:cobblestone":100,"minecraft:purple_concrete":11,"minecraft:granite":11,"minecraft:spruce_button":1,"minecraft:chainmail_helmet":1,"minecraft:polished_andesite":1,"minecraft:oxeye_daisy":2,"minecraft:gray_wool":1,"tombstone:dust_of_vanishing":1,"minecraft:golden_carrot":5,"minecraft:ink_sac":2,"minecraft:iron_shovel":2,"minecraft:paper":12,"minecraft:string":22,"minecraft:spruce_sapling":1,"minecraft:furnace":2,"minecraft:stone_sword":1,"minecraft:white_carpet":1,"minecraft:chicken":3,"minecraft:iron_boots":6,"minecraft:damaged_anvil":1,"minecraft:white_terracotta":2,"minecraft:spruce_fence":3,"create:weathered_limestone_cobblestone":2,"minecraft:pumpkin_seeds":11,"minecraft:hay_block":6,"minecraft:potato":2,"create:zinc_ingot":3,"betteranimalsplus:pheasant_egg":1,"minecraft:wooden_shovel":1,"minecraft:spider_eye":4,"minecraft:stone_bricks":4,"minecraft:bow":2,"alexsmobs:straddlite":2,"minecraft:brown_mushroom":4,"minecraft:dark_oak_stairs":1,"minecraft:oak_log":112,"aquaculture:smallmouth_bass":1,"minecraft:lantern":1,"minecraft:leather":5,"paraglider:spirit_orb":3,"minecraft:music_disc_13":1,"minecraft:cobblestone_stairs":1,"minecraft:cracked_polished_blackstone_bricks":1,"minecraft:cornflower":1,"create:iron_sheet":1,"paraglider:paraglider":2,"minecraft:gravel":9,"minecraft:blackstone":1,"aquaculture:perch":1,"minecraft:poppy":4,"minecraft:leather_chestplate":2,"minecraft:gunpowder":8,"minecraft:glowstone":1,"create:zinc_ore":13,"minecraft:basalt":7,"minecraft:iron_bars":21,"minecraft:arrow":26,"create:andesite_alloy":2,"minecraft:purple_terracotta":4,"minecraft:prismarine_shard":2,"minecraft:grass_block":1,"minecraft:stick":10,"minecraft:diorite":18,"tombstone:grave_key":1,"minecraft:map":1,"tombstone:grave_dust":20,"minecraft:iron_leggings":3,"minecraft:iron_axe":1,"minecraft:music_disc_cat":1,"minecraft:dandelion":3,"minecraft:redstone":14,"alexsmobs:maggot":3,"minecraft:kelp":3,"minecraft:sweet_berries":79,"minecraft:oak_trapdoor":1,"minecraft:red_terracotta":2,"minecraft:filled_map":4,"create:cart_assembler":1,"minecraft:oak_button":1,"minecraft:iron_chestplate":1,"minecraft:andesite":14,"minecraft:oak_sapling":6,"tombstone:essence_of_undeath":1,"minecraft:wooden_pickaxe":1},"minecraft:picked_up":{"betteranimalsplus:turkey_egg":1,"torchmaster:feral_flare_lantern":2,"minecraft:anvil":1,"minecraft:prismarine_shard":4,"minecraft:lead":11,"minecraft:smithing_table":2,"minecraft:oak_stairs":14,"betteranimalsplus:venisonraw":23,"camera:camera":1,"paraglider:goddess_statue":13,"minecraft:string":23,"create:cart_assembler":1,"minecraft:spruce_planks":55,"minecraft:melon_slice":9,"minecraft:coal_block":11,"pizzacraft:pineapple_seeds":3,"create:andesite_casing":3,"pizzacraft:tomato_seeds":6,"farmersdelight:chicken_cuts":2,"alexsmobs:centipede_leg":2,"create:scoria":18,"minecraft:white_terracotta":2,"minecraft:blackstone_stairs":2,"minecraft:iron_bars":8,"alexsmobs:lobster_tail":3,"paraglider:goron_goddess_statue":1,"minecraft:birch_log":2,"betteranimalsplus:turkey_leg_cooked":2,"minecraft:feather":20,"minecraft:cooked_beef":2,"minecraft:smoker":4,"farmersdelight:bacon":28,"minecraft:flint":3,"minecraft:stripped_spruce_wood":7,"minecraft:lantern":8,"farmersdelight:mutton_chops":10,"betteranimalsplus:pheasant_egg":2,"pizzacraft:cucumber_seeds":2,"create:mechanical_drill":5,"minecraft:rabbit":1,"minecraft:glowstone_dust":115,"aquaculture:jellyfish":1,"pizzacraft:cucumber":3,"betteranimalsplus:pheasantraw":4,"sophisticatedbackpacks:iron_backpack":4,"minecraft:ink_sac":5,"minecraft:dark_oak_log":4,"minecraft:barrel":1,"pizzacraft:onion":1,"minecraft:lever":4,"minecraft:granite":21,"minecraft:spruce_button":4,"minecraft:bread":14,"alexsmobs:maggot":2,"sophisticatedbackpacks:gold_backpack":2,"minecraft:crafting_table":12,"tombstone:dust_of_vanishing":2,"minecraft:coarse_dirt":1,"minecraft:heavy_weighted_pressure_plate":1,"minecraft:cornflower":1,"minecraft:red_bed":1,"minecraft:flint_and_steel":1,"minecraft:white_carpet":21,"minecraft:iron_shovel":1,"minecraft:cartography_table":1,"minecraft:beef":10,"farmersdelight:cod_slice":4,"minecraft:poppy":10,"minecraft:iron_nugget":6,"minecraft:spruce_slab":7,"minecraft:chest":11,"minecraft:piston":22,"pizzacraft:corn":10,"minecraft:egg":5,"minecraft:sandstone":12,"minecraft:oak_door":2,"farmersdelight:minced_beef":16,"alexsmobs:straddlite":3,"minecraft:spruce_fence":3,"minecraft:carrot":21,"minecraft:redstone":14,"betteranimalsplus:boarhead_light_brown":1,"minecraft:hay_block":32,"tombstone:essence_of_undeath":3,"minecraft:mutton":26,"minecraft:white_wool":45,"minecraft:rail":47,"minecraft:oxeye_daisy":2,"minecraft:stripped_oak_log":50,"create:iron_sheet":1,"minecraft:birch_leaves":1,"minecraft:blackstone_slab":3,"minecraft:filled_map":1,"create:weathered_limestone_cobblestone":2,"minecraft:oak_log":843,"minecraft:paper":10,"minecraft:white_banner":2,"minecraft:apple":3,"minecraft:stone_bricks":10,"minecraft:kelp":262,"betteranimalsplus:antler":10,"minecraft:stone_pickaxe":2,"minecraft:iron_ore":141,"minecraft:iron_sword":5,"minecraft:dark_oak_stairs":1,"aquaculture:smallmouth_bass":1,"minecraft:dark_oak_slab":2,"minecraft:sweet_berries":109,"betteranimalsplus:bear_skin_brown":1,"minecraft:gravel":23,"aquaculture:red_grouper":1,"minecraft:spruce_sapling":1,"minecraft:spruce_log":45,"minecraft:crying_obsidian":1,"minecraft:purple_bed":1,"betteranimalsplus:eel_meat_cooked":2,"minecraft:painting":6,"minecraft:gray_wool":2,"minecraft:oak_button":2,"minecraft:melon_seeds":1,"minecraft:ender_pearl":1,"betteranimalsplus:calamari_raw":2,"minecraft:wheat":104,"create:dolomite_cobblestone":7,"minecraft:iron_trapdoor":9,"betteranimalsplus:deerhead_2":2,"pizzacraft:pineapple":2,"elevatorid:elevator_red":3,"minecraft:smooth_stone_slab":5,"minecraft:iron_leggings":1,"minecraft:armor_stand":4,"minecraft:purple_banner":1,"minecraft:oak_sign":5,"minecraft:smooth_stone":33,"comforts:sleeping_bag_white":15,"minecraft:wooden_shovel":1,"alexsmobs:raccoon_tail":4,"minecraft:iron_boots":4,"minecraft:furnace":22,"minecraft:tipped_arrow":1,"minecraft:stick":24,"minecraft:oak_fence":1,"minecraft:torch":51,"minecraft:porkchop":29,"tombstone:grave_dust":20,"minecraft:diorite":43,"minecraft:rotten_flesh":89,"betteranimalsplus:feralwolfhead_timber":3,"minecraft:obsidian":10,"minecraft:cod":15,"minecraft:cobblestone":790,"paraglider:paraglider":4,"minecraft:enchanting_table":1,"minecraft:lilac":1,"minecraft:magma_cream":4,"minecraft:andesite":21,"pizzacraft:broccoli":7,"minecraft:potato":2,"paraglider:spirit_orb":5,"minecraft:lapis_lazuli":90,"minecraft:dirt":1111,"minecraft:bone":54,"create:copper_ore":23,"farmersdelight:iron_knife":2,"minecraft:bow":6,"minecraft:wheat_seeds":313,"pizzacraft:tomato":10,"minecraft:grindstone":1,"camera:image":1,"minecraft:oak_planks":184,"aquaculture:atlantic_herring":8,"minecraft:cooked_porkchop":1,"minecraft:oak_pressure_plate":3,"minecraft:sand":544,"minecraft:diamond":25,"minecraft:polished_blackstone_pressure_plate":1,"minecraft:crossbow":1,"minecraft:bone_meal":11,"alexsmobs:moose_ribs":23,"minecraft:emerald":2,"minecraft:oak_sapling":15,"minecraft:netherrack":1,"minecraft:oak_leaves":134,"minecraft:charcoal":24,"minecraft:chicken":8,"minecraft:ladder":5,"minecraft:brown_mushroom":4,"minecraft:gold_block":6,"minecraft:diamond_horse_armor":1,"minecraft:chain":2,"minecraft:shield":2,"minecraft:oak_trapdoor":8,"minecraft:wooden_sword":1,"minecraft:item_frame":1,"minecraft:blackstone":21,"minecraft:oak_boat":2,"create:zinc_ore":16,"minecraft:lectern":1,"minecraft:sugar_cane":26,"minecraft:note_block":2,"aquaculture:perch":1,"pizzacraft:red_pizza_bag":2,"minecraft:arrow":58,"minecraft:saddle":1,"minecraft:skeleton_skull":3,"minecraft:basalt":66,"minecraft:golden_carrot":3,"minecraft:leather":37,"create:andesite_alloy":1,"minecraft:gunpowder":11,"pizzacraft:broccoli_seeds":4,"minecraft:cooked_mutton":4,"minecraft:iron_ingot":23,"minecraft:cooked_chicken":2,"minecraft:purple_concrete":9,"minecraft:book":54,"minecraft:oak_slab":19,"minecraft:quartz":6,"minecraft:dandelion":6,"minecraft:blast_furnace":3,"minecraft:white_bed":7,"betteranimalsplus:turkey_leg_raw":11,"minecraft:gold_ore":31,"minecraft:spider_eye":4,"betteranimalsplus:eel_meat_raw":8,"minecraft:pumpkin_seeds":14,"minecraft:iron_helmet":2,"tombstone:magic_scroll":5,"minecraft:damaged_anvil":2,"minecraft:coal":229},"minecraft:crafted":{"betteranimalsplus:venisoncooked":23,"minecraft:smooth_stone":49,"minecraft:oak_sign":3,"paraglider:rito_goddess_statue":1,"minecraft:oak_pressure_plate":1,"minecraft:chain":1,"minecraft:lever":1,"minecraft:bookshelf":15,"minecraft:cooked_mutton":33,"minecraft:iron_bars":16,"betteranimalsplus:turkey_leg_cooked":11,"aquaculture:fish_fillet_raw":9,"minecraft:glass":229,"minecraft:diamond_helmet":1,"minecraft:diamond_leggings":1,"tombstone:dust_of_vanishing":1,"minecraft:polished_blackstone":4,"minecraft:cooked_rabbit":1,"pizzacraft:red_pizza_bag":1,"minecraft:wooden_shovel":2,"minecraft:cooked_porkchop":40,"farmersdelight:iron_knife":1,"minecraft:campfire":4,"minecraft:painting":1,"farmersdelight:beef_patty":16,"aquaculture:iron_fillet_knife":1,"minecraft:iron_pickaxe":3,"minecraft:iron_block":3,"farmersdelight:cooked_bacon":28,"minecraft:gold_ingot":75,"betteranimalsplus:eel_meat_cooked":6,"minecraft:birch_stairs":4,"betteranimalsplus:pheasantcooked":4,"securitycraft:iron_mine":1,"minecraft:smooth_stone_slab":12,"minecraft:iron_nugget":72,"create:copper_ingot":142,"comforts:sleeping_bag_white":1,"minecraft:polished_blackstone_pressure_plate":2,"minecraft:bone_meal":24,"minecraft:white_carpet":30,"minecraft:stone_stairs":4,"minecraft:lantern":5,"minecraft:ladder":3,"minecraft:spruce_slab":12,"minecraft:stone_pickaxe":2,"minecraft:diamond_boots":1,"minecraft:wheat":216,"minecraft:coal_block":8,"farmersdelight:cooked_mutton_chops":10,"minecraft:enchanting_table":1,"minecraft:dried_kelp":65,"alexsmobs:cooked_moose_ribs":14,"sophisticatedbackpacks:gold_backpack":1,"minecraft:glowstone":26,"minecraft:oak_stairs":20,"minecraft:iron_shovel":7,"minecraft:iron_leggings":3,"minecraft:armor_stand":3,"minecraft:white_bed":2,"securitycraft:mine":3,"minecraft:oak_planks":1288,"minecraft:barrel":9,"paraglider:kakariko_goddess_statue":1,"minecraft:cooked_chicken":3,"create:andesite_casing":4,"minecraft:cobblestone_stairs":4,"minecraft:stone":83,"minecraft:heavy_weighted_pressure_plate":2,"minecraft:bow":3,"minecraft:iron_boots":5,"minecraft:chest":21,"minecraft:oak_button":1,"minecraft:oak_fence":60,"minecraft:oak_slab":60,"minecraft:item_frame":2,"minecraft:crafting_table":10,"minecraft:spruce_planks":204,"minecraft:baked_potato":1,"minecraft:wooden_pickaxe":2,"minecraft:iron_helmet":5,"minecraft:red_wool":6,"minecraft:gold_block":2,"minecraft:birch_planks":8,"farmersdelight:cutting_board":1,"minecraft:iron_chestplate":3,"minecraft:diamond_pickaxe":1,"minecraft:shield":5,"minecraft:stick":196,"minecraft:iron_ingot":141,"minecraft:stone_sword":1,"minecraft:shears":2,"paraglider:goron_goddess_statue":1,"minecraft:wooden_sword":1,"minecraft:coal":72,"minecraft:spruce_button":1,"minecraft:furnace":7,"minecraft:blast_furnace":1,"minecraft:oak_trapdoor":8,"minecraft:flint_and_steel":1,"minecraft:iron_axe":9,"minecraft:iron_hoe":1,"farmersdelight:cooked_chicken_cuts":2,"aquaculture:fish_fillet_cooked":9,"betteranimalsplus:calamari_cooked":2,"minecraft:blackstone_stairs":4,"minecraft:cooked_beef":2,"minecraft:red_dye":8,"minecraft:cooked_cod":12,"create:andesite_alloy":6,"minecraft:diamond_sword":1,"minecraft:iron_trapdoor":2,"alexsmobs:cooked_lobster_tail":2,"minecraft:iron_sword":3,"minecraft:bucket":1,"minecraft:bread":89,"minecraft:air":0,"minecraft:oak_boat":1,"minecraft:anvil":1,"create:mechanical_drill":1,"minecraft:torch":56,"minecraft:blackstone_slab":6,"create:zinc_ingot":50,"minecraft:diamond_chestplate":1}},"DataVersion":2586}